date,quintile,n,mean_pred_ret,mean_real_ret,median_real_ret
2025-06-06,1,12,-0.10839741989762448,0.04163999012413309,0.03345733693916231
2025-06-06,2,12,-0.044056443746375046,0.04206418010193402,0.01047731533460261
2025-06-06,3,12,-0.016653241052426288,0.01575891672051985,0.020300523533597792
2025-06-06,4,12,0.007719963704370882,0.00957090853910377,0.007260856490283518
2025-06-06,5,12,0.033775736207610874,0.012595691588713718,0.009651609740794043
2025-06-13,1,12,-0.11514730495963306,0.03929228426389058,0.027052704351342993
2025-06-13,2,12,-0.055944480379224594,0.005430769068734992,-0.017502003997848736
2025-06-13,3,12,-0.03399596082130768,0.011370316520200319,-0.002885728760519901
2025-06-13,4,12,-0.015524753729333374,0.07547931156094258,-0.0067882555739802175
2025-06-13,5,12,0.018848841193718147,0.03464566408791589,0.01023444294498832
2025-06-20,1,12,-0.1817320193747305,-0.03139669490484248,0.011826299067922208
2025-06-20,2,12,-0.05766890014005105,0.030706044339024702,0.010302802448096116
2025-06-20,3,12,-0.0361052236841452,-0.007670796282636755,-0.01093995134262521
2025-06-20,4,12,-0.01743939127955113,0.02298712669971011,0.027799994580430143
2025-06-20,5,12,0.01829797373888664,0.019343795985930334,0.012032990130025678
2025-06-27,1,12,-0.13572782901236743,0.06478608705496416,0.07105493360457849
2025-06-27,2,12,-0.04572692271751997,0.028581825187906484,0.017013316038567927
2025-06-27,3,12,-0.02634134858580491,0.023529420850051663,0.013803465610694565
2025-06-27,4,12,-0.009656431803075719,0.029646329203879884,0.025687950264215775
2025-06-27,5,12,0.021956160599312824,0.017139638700262815,0.027038892133474546
2025-07-04,1,12,-0.1726928379149869,0.047275398833744736,0.04343551559673442
2025-07-04,2,12,-0.0713996858729788,0.0053013653989612275,-0.008308348173424018
2025-07-04,3,12,-0.029477616215354885,-0.00019377886657634402,-0.005978355899860788
2025-07-04,4,12,-0.01043316042806113,-0.006183003996046728,-0.00044098675945047905
2025-07-04,5,12,0.023999762908315108,-0.0071603834398619726,-0.006757520146773277
2025-07-11,1,12,-0.167312357557861,0.08272621085467098,0.08692420317603322
2025-07-11,2,12,-0.05906648550380939,0.03329348169008172,0.030324546088609794
2025-07-11,3,12,-0.031576818139153806,0.06315796062783037,0.05514044107172911
2025-07-11,4,12,-0.013217772187707819,0.0007546403102627978,-0.004801716187497473
2025-07-11,5,12,0.009977666855154629,0.009064366456184672,0.0019192059639167036
2025-07-18,1,12,-0.20714900541404957,0.002902333947584342,-0.022466595071631623
2025-07-18,2,12,-0.06607364622793122,0.03682725474867132,0.004813440455016138
2025-07-18,3,12,-0.02784093902864378,0.040198639835891926,0.0259985928652543
2025-07-18,4,12,-0.01016961881907171,0.01438714691704284,0.014418631282117289
2025-07-18,5,12,0.007284744180291625,0.0523337819501857,0.04758841940532077
2025-07-25,1,12,-0.17380186442322174,0.05665622872460754,0.0832264059452833
2025-07-25,2,12,-0.0718348313768445,-0.001807355614621022,-0.030807432729147544
2025-07-25,3,12,-0.04268804392596065,-0.011469979844177322,-0.008609168351063401
2025-07-25,4,12,-0.006778715764485706,0.0011873793285580303,-0.012801905063338892
2025-07-25,5,12,0.02025179846895177,-0.02751202755089216,-0.02981569473392698
2025-08-01,1,12,-0.22822273850587113,-0.020919061493870805,-0.03379629107029408
2025-08-01,2,12,-0.062353249837594334,0.04535553569554324,0.036656807057037444
2025-08-01,3,12,-0.02895987771011016,0.014762597411828634,0.006075432713477602
2025-08-01,4,12,-0.004035788362671017,0.015218289609314586,0.010290580198210386
2025-08-01,5,12,0.02502297077256919,0.02081635417349162,0.02180120388948914
2025-08-08,1,12,-0.15620984231968343,0.09137961013805694,0.06560647689397336
2025-08-08,2,12,-0.07073312959151039,0.009616964876615555,-0.018036640590537723
2025-08-08,3,12,-0.03563629599285764,0.013090482273747253,0.007784791245424527
2025-08-08,4,12,-0.012393507208263987,0.01014283238120465,-0.0014948148524454585
2025-08-08,5,12,0.015669452893634823,0.03036606995862462,0.030908932706712133
2025-08-15,1,12,-0.1820331057523438,0.02992069588853144,0.0035314238118213104
2025-08-15,2,12,-0.0901642937116209,0.04222536316568113,0.02896406221043768
2025-08-15,3,12,-0.03237367469000929,0.06824130219317212,0.057244234571364405
2025-08-15,4,12,-0.00946023234316599,0.05583148778493976,0.05354527938342979
2025-08-15,5,12,0.014164961349364217,0.03514365237129632,0.028729519529736236
2025-08-22,1,12,-0.18638386427426532,0.15936874269433673,0.1276502715762733
2025-08-22,2,12,-0.11127991587940127,0.12749570341404506,0.11119232077126517
2025-08-22,3,12,-0.07385408254496435,0.0008843073488228418,-0.0032010798058164647
2025-08-22,4,12,-0.039007626691692686,0.05211698493283059,0.027760527609728358
2025-08-22,5,12,-0.008874758723492257,0.04980390673276289,0.05114586517263486
2025-08-29,1,12,-0.2600517214749202,-0.08059664004376897,-0.09099047038643043
2025-08-29,2,12,-0.13719471755473547,-0.019033963012120975,-0.03443448821132444
2025-08-29,3,12,-0.08163005898853438,0.06725253958187338,0.0665919146926871
2025-08-29,4,12,-0.043042448674086825,-0.04535023968969102,-0.03298266849879872
2025-08-29,5,12,-0.008241057023238416,-0.02469453422097102,-0.036178368258060145
2025-09-05,1,12,-0.17578343040230204,0.17519244109639265,0.16378973777535966
2025-09-05,2,12,-0.09684671634578663,0.07204192838493821,0.05862213339392852
2025-09-05,3,12,-0.0658258689597783,0.054486475291509934,0.03656890972463944
2025-09-05,4,12,-0.023927985339651393,0.07566679227960711,0.05384832925272909
2025-09-05,5,12,0.013701848069545728,0.05115775110360951,0.050927929160824004
2025-09-12,1,12,-0.24437244220232757,-0.018264931610565627,-0.008355333149084987
2025-09-12,2,12,-0.14726314121661283,0.022765136131076336,0.013324882211218414
2025-09-12,3,12,-0.08980066807225102,0.035173073862504296,-0.003788346074346305
2025-09-12,4,12,-0.05301862213852881,0.006185127886281995,0.010455690672391549
2025-09-12,5,12,-0.0034093648815667343,-0.0007728473699646262,-0.013820438716283856
2025-09-19,1,12,-0.22795172209371636,0.029744887791372687,0.03637144003082238
2025-09-19,2,12,-0.14977881677555374,0.06007197094340427,0.0445470554495232
2025-09-19,3,12,-0.09984919931021884,0.06636923088994615,0.07109882517561938
2025-09-19,4,12,-0.0512215136974443,-0.011879608168137564,-0.01310718483957557
2025-09-19,5,12,-0.004189014087636232,0.01725987963175149,0.011025452175425166
2025-09-26,1,12,-0.22974491005231581,-0.02293979242660682,-0.0812943262411348
2025-09-26,2,12,-0.18395052097194883,0.023712768453145988,0.004304217512310027
2025-09-26,3,12,-0.11452190242101379,0.05395917654666507,-0.0071779372874953284
2025-09-26,4,12,-0.05490960305410186,0.021293520348135236,0.027955718955912423
2025-09-26,5,12,-0.011571877321535298,0.0376454537911575,0.04859087374682236
2025-10-03,1,12,-0.25299290493443066,-0.03232644169671244,-0.07446041579399898
2025-10-03,2,12,-0.19269306639965275,-0.019747449482600238,-0.03272376955051998
2025-10-03,3,12,-0.13472516723579347,-0.06038834283819778,-0.07192185289907116
2025-10-03,4,12,-0.06222372980614659,-0.008300747365043687,-0.02903814655980802
2025-10-03,5,12,-0.0029957847738411314,-0.007108534789809939,0.0004354175648305092
2025-10-10,1,12,-0.2722671809377533,-0.06541161543360285,-0.05575111539959937
2025-10-10,2,12,-0.18521216925838405,-0.0599595182978532,-0.08569722043569328
2025-10-10,3,12,-0.11937107656842476,-0.05477962639353517,-0.06192191601581859
2025-10-10,4,12,-0.04767420310124423,-0.00959325509000486,-0.02789864966816047
2025-10-10,5,12,-0.003170303557697309,-0.043402250470844644,-0.05731859950273521
2025-10-17,1,12,-0.23645842544808815,-0.01799328667041376,-0.057152152254531796
2025-10-17,2,12,-0.1493937805231728,-0.007479850824297261,-0.008970060557832837
2025-10-17,3,12,-0.09228958333511823,0.02129542997469877,0.0021439957785591712
2025-10-17,4,12,-0.054015531152868716,-0.0031877209551596044,0.0012703396644255793
2025-10-17,5,12,-0.024380655686764858,-0.010933796513003025,-0.009518487216035543
2025-10-24,1,12,-0.22646619214386296,0.07429863269177829,0.07472493289913196
2025-10-24,2,12,-0.14426869827999297,0.09371835276319629,0.08900240726928343
2025-10-24,3,12,-0.08408045214584754,0.03494249843992079,0.01974550038991929
2025-10-24,4,12,-0.040476310883850786,0.03415397918726018,0.03122196204113048
2025-10-24,5,12,-0.0024448421393116946,0.008566633766022977,0.008012517896495375
2025-10-31,1,12,-0.2481478452679576,-0.03468646414053033,-0.04046353758576837
2025-10-31,2,12,-0.1617688808796632,-0.008427945140564533,-0.03992272167017352
2025-10-31,3,12,-0.07572613409997,0.011764652291168742,-0.00420931859226481
2025-10-31,4,12,-0.043692242259622545,0.0006698391015258672,-0.013151604118161297
2025-10-31,5,12,-0.0006566347867509129,0.007957178752554759,0.002388887481307167
2025-11-07,1,12,-0.24227739586529573,-0.0405982276122592,-0.03777934235417496
2025-11-07,2,12,-0.1351349075088618,-0.030024381188234046,-0.04389030233288682
2025-11-07,3,12,-0.09213262587202746,0.0010099952130227796,0.0011330380716976785
2025-11-07,4,12,-0.04725535177350262,0.00020817447104090614,0.0020870051357855246
2025-11-07,5,12,-0.0005523973849300331,0.009570978785028309,0.0009207403687756521
2025-11-14,1,12,-0.18379859654315167,-0.05813444109562695,-0.06316934042714883
2025-11-14,2,12,-0.10615693454567887,-0.03386421164696013,-0.047816058861072874
2025-11-14,3,12,-0.061669139083437935,-0.03419731619600922,-0.041906056706380534
2025-11-14,4,12,-0.029483777071858758,-0.0261882844948939,-0.02468292285759477
2025-11-14,5,12,0.0070035452293871385,-0.026030914328055637,-0.02154605918196667
2025-11-21,1,12,-0.17032926735208154,-0.0012747853726852072,0.007864802751118227
2025-11-21,2,12,-0.08991540033962908,-0.00844573927500549,-0.008511545899215156
2025-11-21,3,12,-0.05576516849332031,0.005389230730386996,0.006791625319048644
2025-11-21,4,12,-0.03056964163115559,0.011780253829157816,0.006228165580653089
2025-11-21,5,12,0.01330759872795075,-0.012847143294412259,-0.01476066230547346
2025-11-28,1,12,-0.14686099791458648,0.026390975105657726,0.015536236955795202
2025-11-28,2,12,-0.08280519736529328,0.041104148841317106,0.01117232762126008
2025-11-28,3,12,-0.03567270746352289,0.014691601096851211,0.016037673365970173
2025-11-28,4,12,-0.012639818297795128,0.025612905633447165,0.024584653464809647
2025-11-28,5,12,0.028368875952146638,0.002240907232738685,0.010040299220923976
2025-12-05,1,12,-0.13904768416867883,0.04031440771040618,0.007921513183044238
2025-12-05,2,12,-0.0727032550267226,0.031900830985814255,0.017772868570931744
2025-12-05,3,12,-0.04369527907332226,0.01816770734544142,0.0035214140940371674
2025-12-05,4,12,-0.015799217204425897,-0.008330395425438702,-0.012699098469719505
2025-12-05,5,12,0.01532610380223437,-0.0048729609962939,-0.004520496685203601
2025-12-12,1,12,-0.1533867766941803,-0.01612006701155096,-0.028219107576837044
2025-12-12,2,12,-0.07560020583207343,0.004233231812934696,-0.0040442617404201076
2025-12-12,3,12,-0.035875040064585105,-0.005852496594059166,-0.016111233723239915
2025-12-12,4,12,-0.010086755331348313,0.018505836082478373,0.006615734259316386
2025-12-12,5,12,0.028166487412246293,0.0057349274334815015,0.008510858142485422
2025-12-19,1,12,-0.13263895467574413,0.045857470448918115,0.038409558911051134
2025-12-19,2,12,-0.07654550666606753,0.07499727037859782,0.043844397611520924
2025-12-19,3,12,-0.04507758172892685,0.03337079223626052,0.03175996552862215
2025-12-19,4,12,-0.021269676706334662,0.03111888215866172,0.03294161836641141
2025-12-19,5,12,0.033861720061398114,0.024450451382041993,0.026452190076602267
2025-12-26,1,12,-0.16476357131040376,0.07037799887054892,0.023524043425480756
2025-12-26,2,12,-0.07810422672302328,0.028753827061546926,0.010059799506997424
2025-12-26,3,12,-0.03643180069440793,0.023791907481154517,0.01769043921096869
2025-12-26,4,12,-0.0189677229849524,0.04591502546269185,0.04572955695005587
2025-12-26,5,12,0.009345484196788156,0.021232611655507206,0.022114922147083105
2026-01-02,1,12,-0.1563697485386171,0.051089557375519117,0.045655433669699375
2026-01-02,2,12,-0.0789992946890296,0.048778660918370846,0.047144225822565944
2026-01-02,3,12,-0.04076680288321516,0.07167359176721098,0.0592062330482549
2026-01-02,4,12,-0.011425459591405387,0.0750560109663583,0.08129764051584343
2026-01-02,5,12,0.030055364346043018,0.07927026686521,0.06784610864126261
2026-01-09,1,12,-0.1671822664798727,0.04191624822529791,0.048506431122285254
2026-01-09,2,12,-0.09912334198345614,0.08561594674515478,0.027392503704463222
2026-01-09,3,12,-0.05931065963758325,0.08558487294563377,0.07270618556701025
2026-01-09,4,12,-0.024372866667550303,0.02993809652688324,0.03699252878973658
2026-01-09,5,12,0.021007860833207815,0.04361301958463575,0.0021181714972620114
2026-01-16,1,12,-0.19517280901050907,-0.015225631014269195,-0.028158400350078716
2026-01-16,2,12,-0.12669110408741754,0.04445331415496503,0.020743611378977844
2026-01-16,3,12,-0.09090194908492366,0.03139615516225756,-0.00037983113858347517
2026-01-16,4,12,-0.04742268978463841,0.036155146253398086,0.04826863721359853
2026-01-16,5,12,0.013103426162560735,-0.0011088689055963146,-0.010556847022509419
2026-01-23,1,12,-0.19864298675761324,0.13581737804300278,-0.002064329585113267
2026-01-23,2,12,-0.12784951506199205,0.067325095567431,0.019957813728758933
2026-01-23,3,12,-0.08030642166519085,-0.015324255107229725,-0.02871913101594986
2026-01-23,4,12,-0.04827300296964888,-0.020130048740720097,-0.032501205301920855
2026-01-23,5,12,0.0023545710606537504,-0.02748738449214434,-0.012886261371862162
2026-01-30,1,12,-0.24070482524701506,-0.08239820964365865,-0.09413240161234748
2026-01-30,2,12,-0.10627879317396131,-0.04374247246943825,-0.04455255288664717
2026-01-30,3,12,-0.07071515954261727,-0.023013677531662446,-0.04229351056381686
2026-01-30,4,12,-0.03455292557194014,-0.006389856557439576,-0.0007573482440416113
2026-01-30,5,12,0.016113954229946086,-0.006827294342585462,-0.007847143205888474
2026-02-06,1,12,-0.16415666533310855,0.0588520522021651,0.043170978160232854
2026-02-06,2,12,-0.07591849773790532,0.03598746945689557,0.04959703166594398
2026-02-06,3,12,-0.04681668697178876,0.047620064576549805,0.04203052564711551
2026-02-06,4,12,-0.016572268677663853,0.026257917137399594,0.032330559376033796
2026-02-06,5,12,0.030114897849926592,0.03322633696285742,0.00761645386977694
2026-02-13,1,12,-0.18238665413591418,0.055806919471292536,0.05491546402612435
2026-02-13,2,12,-0.09308937267805677,0.047961682571466165,-0.003091520829679506
2026-02-13,3,12,-0.058921983984307626,0.05910970472748752,0.04903386235101559
2026-02-13,4,12,-0.0351052815993265,0.01996884582352119,0.018563535917217933
2026-02-13,5,12,0.012169420601545161,0.014430303159422323,-0.008621058759459899
2026-02-20,1,12,-0.13872624286092566,0.1397686894109175,0.12999479336096142
2026-02-20,2,12,-0.07879150164484658,0.08578072193901577,0.06783071349688818
2026-02-20,3,12,-0.05881306552787646,0.10562561821883291,0.09060089186176135
2026-02-20,4,12,-0.027976597976241895,0.09903916717929095,-0.004220250492287414
2026-02-20,5,12,0.022088055001263474,0.007999887008050127,-0.014958978143357615
2026-02-27,1,12,-0.22475160376519585,0.1221764808083527,0.11904421507775997
2026-02-27,2,12,-0.11198973260040894,-0.015356555903343968,-0.02548664100909881
2026-02-27,3,12,-0.06912803639616585,-0.018536725601551396,-0.04546272222517922
2026-02-27,4,12,-0.029515680260945493,-0.04621916395567504,-0.05777903149976493
2026-02-27,5,12,0.02173543937286067,-0.03515248064532007,-0.048848182528184514
2026-03-06,1,12,-0.26991466161267924,-0.06417410074122624,-0.06947971420772425
2026-03-06,2,12,-0.14611002504798365,-0.04353077126074042,-0.04766624087337101
2026-03-06,3,12,-0.09455277401328367,-0.02333222673349955,-0.0251682731020883
2026-03-06,4,12,-0.04802393702957574,0.005713871026860061,0.0036578139000936205
2026-03-06,5,12,0.0222012646467321,0.03978539664255893,0.012742738882001947
2026-03-13,1,12,-0.2520418606856127,-0.008719932989455328,-0.010907988756673037
2026-03-13,2,12,-0.13210391833725907,-0.05580678150777505,-0.07151061909632395
2026-03-13,3,12,-0.07276778341620843,-0.0505197658519842,-0.0649236641221374
2026-03-13,4,12,-0.04219050046894926,-0.03368209697341609,-0.0413901580405962
2026-03-13,5,12,0.010731950548276997,-0.017891011073961034,-0.011570526656593916
2026-03-20,1,12,-0.19883579326441525,-0.027351873078849925,-0.04409832591650781
2026-03-20,2,12,-0.09606256172286708,-0.03069778407980005,-0.032330319834257604
2026-03-20,3,12,-0.050394567708649536,-0.04282134610744214,-0.03733341532809037
2026-03-20,4,12,-0.011900281804849125,-0.019542532564814235,-0.02746792861968267
2026-03-20,5,12,0.03475393713828456,-0.055036511708913306,-0.049249089601525575
2026-03-27,1,12,-0.19527119949017469,0.004677910342426354,-0.004111104410339905
2026-03-27,2,12,-0.08492456874893974,0.01105402863237448,0.006104426912829419
2026-03-27,3,12,-0.03940070151181691,-0.012701285396353188,-0.02331910817816174
2026-03-27,4,12,-0.014144701154840298,-0.00404688058698945,-0.006792911303690308
2026-03-27,5,12,0.046239451264601196,-0.008509340381802224,-0.00898782123631292
2026-04-03,1,12,-0.15512096191067062,0.0754064266938828,0.028938041357804534
2026-04-03,2,12,-0.08213805224899219,0.08400300208609535,0.07395137689982834
2026-04-03,3,12,-0.016767032778139613,0.034315208342219405,0.0259724227339877
2026-04-03,4,12,0.010973096999723375,0.07816003194695743,0.07940177304964535
2026-04-03,5,12,0.06172988796283011,0.05350314759167699,0.05825583913379728
2026-04-10,1,12,-0.16109740860746988,0.0016700036907198734,-0.010198457108078318
2026-04-10,2,12,-0.09487821712927669,0.027682797926427666,0.02978590799556735
2026-04-10,3,12,-0.046994428821266754,0.057610904945996126,0.046925830849332884
2026-04-10,4,12,-0.019756298434580193,0.048108854978304805,0.051906298434076126
2026-04-10,5,12,0.052579380527143865,0.0227506640529322,0.0336918077011672
2026-04-17,1,12,-0.15722177390195927,0.08742468751423328,0.11236592428906567
2026-04-17,2,12,-0.09277593671143713,-0.010482602792162704,-0.021436851918345545
2026-04-17,3,12,-0.05804323224842062,-0.004588886955559979,-0.006009480816684842
2026-04-17,4,12,-0.02630193697921951,0.02345266584128089,0.0007934804726059674
2026-04-17,5,12,0.02670308484872207,0.010434371877339458,0.0036652726219715825
2026-04-24,1,12,-0.21215518245104006,-0.02797270604678791,-0.006980952084694403
2026-04-24,2,12,-0.09920343938459986,-0.0011533642762212026,0.007094769877124207
2026-04-24,3,12,-0.0659079800608526,-0.008304647118501318,-0.006629656180362209
2026-04-24,4,12,-0.03226963128963923,0.018337998655920545,0.00642431058499926
2026-04-24,5,12,0.01916208058211613,0.017768360108204494,0.021717353393454708
2026-05-01,1,12,-0.19839597302323309,0.034613890472256215,0.05248151824817515
2026-05-01,2,12,-0.09254348382970867,0.018665041651785036,0.02808434737249843
2026-05-01,3,12,-0.05801907074441281,0.05804317863130427,0.06700366025126514
2026-05-01,4,12,-0.008047791363843315,0.05423292350714217,0.03682898909650334
2026-05-01,5,12,0.041793133485906665,0.048759533029371256,0.04304187578304697
2026-05-08,1,12,-0.19107157329580673,0.020055897906856485,0.020151387294205292
2026-05-08,2,12,-0.10632191530207662,0.010363051018887653,-0.025304764085153475
2026-05-08,3,12,-0.06266131867680648,-0.032893475126852804,-0.0372770194265446
2026-05-08,4,12,-0.028044890045050248,0.0018111610124001976,-0.005222085027140111
2026-05-08,5,12,0.02092783195575747,0.00990617812387845,0.0025197572709541594
2026-05-15,1,12,-0.17964911240268042,-0.03405162204953344,-0.03894436668906659
2026-05-15,2,12,-0.07683764693526766,-0.018322266583304464,-0.032261602865998495
2026-05-15,3,12,-0.03835679790851168,-0.06863136370334677,-0.057130663046296604
2026-05-15,4,12,-0.009193441640453206,-0.023402791146475505,-0.034095367083878225
2026-05-15,5,12,0.03942009431869592,-0.020378161125082006,-0.0331755555790475
2026-05-22,1,12,-0.1706091420852562,0.11963322822184545,0.12790541436681213
2026-05-22,2,12,-0.10453674781802853,0.04234533032192902,-0.015683595628447622
2026-05-22,3,12,-0.04812417933841089,-0.01386758388266826,-0.015006885086030375
2026-05-22,4,12,-0.01957316224516455,-0.013964195926303371,-0.01947206564947035
2026-05-22,5,12,0.05037693060058392,-0.014783600864231342,-0.035466353630917324
2026-05-29,1,12,-0.22744985772867357,0.006092076989918381,0.04214679053097814
2026-05-29,2,12,-0.08641431094674297,-0.018550181627388723,-0.015326017317572549
2026-05-29,3,12,-0.036285016465437324,-0.03770042936960114,-0.025454824648713792
2026-05-29,4,12,-0.001995241619120532,-0.040584680117368994,-0.047657547945868295
2026-05-29,5,12,0.07651788599108045,-0.036779384806499095,-0.03217360314065959
2026-06-05,1,12,-0.21270024675580282,-0.08281863012277607,-0.10318165277851948
2026-06-05,2,12,-0.07657548437671968,-0.05907164493213013,-0.058392526667714995
2026-06-05,3,12,-0.027662513719379955,-0.06887134211892552,-0.0770265182138169
2026-06-05,4,12,-0.0007910997045705211,-0.045145094902227435,-0.056896056257078664
2026-06-05,5,12,0.07085777471436662,-0.027045786151775265,-0.028401315990922826
2026-06-12,1,12,-0.1455971866163389,0.16650216801108128,0.14478400906146882
2026-06-12,2,12,-0.0758557759463614,0.11453680773581454,0.09808213166132485
2026-06-12,3,12,-0.033997106474690654,0.054942756791363984,0.024759288330716833
2026-06-12,4,12,0.00830124167602006,0.03199692820627162,0.015878683879967714
2026-06-12,5,12,0.0901845556383788,0.03792561223127342,0.051127551827820916
2026-06-19,1,12,-0.2212760311636175,-0.01426299154413189,-0.02791357037380937
2026-06-19,2,12,-0.10787796645745001,-0.0223737248131843,-0.048402701667026427
2026-06-19,3,12,-0.0526713027339156,-0.0583056394490433,-0.054749963719765316
2026-06-19,4,12,-0.01239392622219728,-0.03371072888974539,-0.05213537339918228
2026-06-19,5,12,0.05833178455468389,0.004005931248079279,-0.005650487996138598
2026-06-26,1,12,-0.2568862393651009,-0.11866915650998626,-0.13524426816565321
2026-06-26,2,12,-0.12850795025254544,-0.09197861206002893,-0.07307014743410067
2026-06-26,3,12,-0.05382379550040014,0.03382707662191515,-0.0004983037322475736
2026-06-26,4,12,-0.015032016286705965,-0.015259853274444707,-0.0178591859581958
2026-06-26,5,12,0.05695293463467973,0.024549887867795522,0.013039933183223051
2026-07-03,1,12,-0.17128845780933258,-0.027707634932758185,-0.02103103185942884
2026-07-03,2,12,-0.07108488832233227,0.00906939056803674,0.0015802393949239657
2026-07-03,3,12,-0.02523455569856317,-0.0010720097886246505,-0.017876738217631194
2026-07-03,4,12,0.006949431683019276,-0.015036388913058057,-0.019733876299813657
2026-07-03,5,12,0.052413135386398114,0.0037739121042890214,-0.0025654010426479634
2026-07-10,1,12,-0.17632501192756853,-0.10295361337778158,-0.09383286129002821
2026-07-10,2,12,-0.09242758871919073,-0.0036961782479272474,-0.043957840703403195
2026-07-10,3,12,-0.02955564382648108,-0.05431322876702602,-0.05374629331415498
2026-07-10,4,12,0.01965420905381296,-0.01615564621535051,-0.017440378694399905
2026-07-10,5,12,0.07167269560311089,-0.023056630337441753,-0.006974229738631266
2026-07-17,1,12,-0.15817469101193193,-0.06914457541646922,-0.08209895446472709
2026-07-17,2,12,-0.045639071494229334,0.03158135637017687,0.038625193646146916
2026-07-17,3,12,-0.010707928691056292,0.01339144503662737,-0.0003353882283581022
2026-07-17,4,12,0.032094009024468406,0.04028512677867876,0.05385847049858439
2026-07-17,5,12,0.0744915110081205,0.03247809801576427,0.019331887358604027
2026-07-24,1,12,-0.14168223729699764,-0.12476127022262724,-0.12719621193090297
2026-07-24,2,12,-0.05300245478783908,-0.07667652545542016,-0.04387108458827482
2026-07-24,3,12,-0.027902937284662255,-0.019353183571728022,-0.00496716385123025
2026-07-24,4,12,0.00025229134877272075,0.0010867159293990551,0.006870514065264399
2026-07-24,5,12,0.07317165509046525,-0.030387611285679777,-0.043386276784090516
2026-07-31,1,12,-0.10508964870797138,0.07978427621978393,0.07397102321151039
2026-07-31,2,12,-0.04546968997587355,0.058555263477561376,0.07096470485198803
2026-07-31,3,12,-0.0006993094142467848,0.04127964919430354,0.008739625667126827
2026-07-31,4,12,0.032544417255064496,0.05501762608795063,0.029926482981131097
2026-07-31,5,12,0.13755135314400607,0.14845470809287684,0.09459230117104889
