date,K,n_pool,hit_long,hit_short,hit_ls,pred_top_mean_real_ret,real_top_mean_real_ret,pool_mean_real_ret
2025-06-06,3,60,0.0,0.3333333333333333,0.16666666666666666,0.004350821359075718,0.18239630786646618,0.02432593741488089
2025-06-06,5,60,0.0,0.2,0.1,0.017233579422069666,0.16790342695969152,0.02432593741488089
2025-06-06,10,60,0.1,0.1,0.1,0.026097095928721926,0.11948283521547802,0.02432593741488089
2025-06-06,20,60,0.35,0.45,0.4,0.031573644343570934,0.07936828469810653,0.02432593741488089
2025-06-13,3,60,0.0,0.0,0.0,-0.006094103263358501,0.4525897388670959,0.03324366910033687
2025-06-13,5,60,0.0,0.2,0.1,0.0018412635134470224,0.33513119245312173,0.03324366910033687
2025-06-13,10,60,0.0,0.3,0.15,0.01040691890853418,0.22643279780064188,0.03324366910033687
2025-06-13,20,60,0.35,0.45,0.4,0.014695378790962794,0.14183162425145865,0.03324366910033687
2025-06-20,3,60,0.0,0.3333333333333333,0.16666666666666666,0.007876962469339,0.13073151974889052,0.0067938951674371825
2025-06-20,5,60,0.0,0.4,0.2,0.0077799536482287875,0.11222869867733332,0.0067938951674371825
2025-06-20,10,60,0.3,0.4,0.35,0.022869855842083953,0.08038075675138764,0.0067938951674371825
2025-06-20,20,60,0.3,0.4,0.35,0.020638047029321406,0.05729607346466816,0.0067938951674371825
2025-06-27,3,60,0.0,0.0,0.0,0.04636256279911555,0.15949990650144255,0.032736660199413
2025-06-27,5,60,0.0,0.0,0.0,0.041571821158876386,0.1397905307565769,0.032736660199413
2025-06-27,10,60,0.1,0.1,0.1,0.02295213612742203,0.1143293247489352,0.032736660199413
2025-06-27,20,60,0.2,0.35,0.275,0.022985787173123995,0.08710214332442462,0.032736660199413
2025-07-04,3,60,0.0,0.0,0.0,0.043216926905902696,0.13811576563108105,0.007807919586044184
2025-07-04,5,60,0.0,0.0,0.0,0.029185597945721196,0.121749515425988,0.007807919586044184
2025-07-04,10,60,0.1,0.1,0.1,0.009532369766720904,0.09680916386571665,0.007807919586044184
2025-07-04,20,60,0.25,0.25,0.25,0.0030111515737521856,0.06259458227091022,0.007807919586044184
2025-07-11,3,60,0.0,0.3333333333333333,0.16666666666666666,-0.00834761363935447,0.2583564036892798,0.03779933198780611
2025-07-11,5,60,0.0,0.2,0.1,-0.0063604553274292375,0.21400297715300667,0.03779933198780611
2025-07-11,10,60,0.0,0.1,0.05,-0.0038207765084499303,0.16176614155097868,0.03779933198780611
2025-07-11,20,60,0.1,0.3,0.2,0.008484913975601045,0.11861810920075962,0.03779933198780611
2025-07-18,3,60,0.0,0.0,0.0,0.06491609337545053,0.20947198458850402,0.029329831479875224
2025-07-18,5,60,0.2,0.4,0.3,0.05828385605145425,0.17849802822900496,0.029329831479875224
2025-07-18,10,60,0.4,0.5,0.45,0.06740353307771205,0.13132099769637923,0.029329831479875224
2025-07-18,20,60,0.6,0.55,0.575,0.05853994221748894,0.09469786651505643,0.029329831479875224
2025-07-25,3,60,0.0,0.0,0.0,-0.03899208138061742,0.21012787236324618,0.0034108490086950122
2025-07-25,5,60,0.0,0.0,0.0,-0.03230313866744376,0.17351330642305557,0.0034108490086950122
2025-07-25,10,60,0.0,0.1,0.05,-0.02901079299399988,0.13094459847673318,0.0034108490086950122
2025-07-25,20,60,0.25,0.3,0.275,-0.012501229429261813,0.07946213933128092,0.0034108490086950122
2025-08-01,3,60,0.0,0.3333333333333333,0.16666666666666666,0.023931709889869406,0.1426296763996485,0.015046743079261456
2025-08-01,5,60,0.2,0.6,0.4,0.0166107838456518,0.11776569583818888,0.015046743079261456
2025-08-01,10,60,0.3,0.7,0.5,0.02780195585515415,0.09229656756205748,0.015046743079261456
2025-08-01,20,60,0.25,0.5,0.375,0.019871223046548765,0.06397393075957183,0.015046743079261456
2025-08-08,3,60,0.3333333333333333,0.3333333333333333,0.3333333333333333,0.08642822591565269,0.20377097242366146,0.03091919192564981
2025-08-08,5,60,0.2,0.2,0.2,0.06292308476411897,0.18070374970787326,0.03091919192564981
2025-08-08,10,60,0.2,0.1,0.15,0.036655288247287934,0.13837687697559872,0.03091919192564981
2025-08-08,20,60,0.3,0.2,0.25,0.026428468773219325,0.09590710751236584,0.03091919192564981
2025-08-15,3,60,0.0,0.0,0.0,0.038556963476117,0.177610359933297,0.04627250028072416
2025-08-15,5,60,0.2,0.4,0.3,0.06211790107582922,0.16887710210797616,0.04627250028072416
2025-08-15,10,60,0.2,0.4,0.3,0.050498797640674976,0.14117630081002513,0.04627250028072416
2025-08-15,20,60,0.35,0.55,0.45,0.0549247588123861,0.10992358051921322,0.04627250028072416
2025-08-22,3,60,0.0,0.0,0.0,0.043089477843105385,0.4112315443054136,0.07793392902455962
2025-08-22,5,60,0.0,0.2,0.1,0.03349558319797312,0.3726067163375518,0.07793392902455962
2025-08-22,10,60,0.0,0.2,0.1,0.03182483311568254,0.28822262060213377,0.07793392902455962
2025-08-22,20,60,0.2,0.1,0.15,0.04653403655547956,0.20357619469315452,0.07793392902455962
2025-08-29,3,60,0.0,0.0,0.0,-0.03976101113421119,0.18894164517752668,-0.020484567476935722
2025-08-29,5,60,0.0,0.2,0.1,-0.04535303706106726,0.1624400302116927,-0.020484567476935722
2025-08-29,10,60,0.0,0.3,0.15,-0.03625797847945326,0.12131027906432493,-0.020484567476935722
2025-08-29,20,60,0.35,0.55,0.45,-0.027970102761316507,0.07454651010167931,-0.020484567476935722
2025-09-05,3,60,0.0,0.0,0.0,0.05058751725486984,0.33053150118244495,0.08570907763121148
2025-09-05,5,60,0.0,0.0,0.0,0.04666534850410446,0.28067646626067105,0.08570907763121148
2025-09-05,10,60,0.0,0.2,0.1,0.04188381886436247,0.2333138302208937,0.08570907763121148
2025-09-05,20,60,0.25,0.3,0.275,0.06507712892816243,0.18427093999698654,0.08570907763121148
2025-09-12,3,60,0.0,0.0,0.0,0.0028458154161438896,0.18926443994826295,0.009017111779866475
2025-09-12,5,60,0.2,0.4,0.3,0.020815841374797906,0.1494397129362816,0.009017111779866475
2025-09-12,10,60,0.1,0.3,0.2,-9.92923844941207e-05,0.10848989773479259,0.009017111779866475
2025-09-12,20,60,0.2,0.35,0.275,-0.004225595186438391,0.0746531853098262,0.009017111779866475
2025-09-19,3,60,0.3333333333333333,0.0,0.16666666666666666,0.049604933717770784,0.20644074249797092,0.03231327221766741
2025-09-19,5,60,0.2,0.0,0.1,0.0408311527493753,0.17708001660095207,0.03231327221766741
2025-09-19,10,60,0.1,0.2,0.15,0.030529754143449515,0.14800974737607792,0.03231327221766741
2025-09-19,20,60,0.2,0.2,0.2,0.016059739947819666,0.11314217474962977,0.03231327221766741
2025-09-26,3,60,0.0,0.6666666666666666,0.3333333333333333,0.06673270473987832,0.33508119179306006,0.022734225342499397
2025-09-26,5,60,0.0,0.4,0.2,0.06211279301888175,0.27814711720125074,0.022734225342499397
2025-09-26,10,60,0.1,0.8,0.45,0.05616284764639804,0.20366564840914428,0.022734225342499397
2025-09-26,20,60,0.5,0.55,0.525,0.042936700968020436,0.13429909654943165,0.022734225342499397
2025-10-03,3,60,0.0,0.3333333333333333,0.16666666666666666,-0.03557528587037092,0.14210298720653966,-0.025574303234472816
2025-10-03,5,60,0.0,0.4,0.2,-0.03270345940394683,0.13218885834347033,-0.025574303234472816
2025-10-03,10,60,0.0,0.3,0.15,-0.01877172883639383,0.09741276069774933,-0.025574303234472816
2025-10-03,20,60,0.4,0.5,0.45,-0.018514926573623504,0.06308570985104285,-0.025574303234472816
2025-10-10,3,60,0.3333333333333333,0.0,0.16666666666666666,-0.05496456068622994,0.08730652237135383,-0.04662925313716814
2025-10-10,5,60,0.2,0.2,0.2,-0.060921669335439896,0.0745904849403082,-0.04662925313716814
2025-10-10,10,60,0.3,0.2,0.25,-0.03567535961842351,0.04884017185349514,-0.04662925313716814
2025-10-10,20,60,0.45,0.4,0.425,-0.01959761555886045,0.023211813875051363,-0.04662925313716814
2025-10-17,3,60,0.0,0.3333333333333333,0.16666666666666666,-8.067829449694604e-05,0.14559720952343294,-0.0036598449976349757
2025-10-17,5,60,0.0,0.4,0.2,-0.012407360105198028,0.1256615553862379,-0.0036598449976349757
2025-10-17,10,60,0.1,0.7,0.4,-0.0005292213183867078,0.09298154803462921,-0.0036598449976349757
2025-10-17,20,60,0.3,0.65,0.475,-0.0017989670772316836,0.057425259151899374,-0.0036598449976349757
2025-10-24,3,60,0.0,0.0,0.0,-0.00480900225104038,0.2562254576990768,0.04913601936963571
2025-10-24,5,60,0.0,0.0,0.0,-0.001074142731708938,0.2298345279264508,0.04913601936963571
2025-10-24,10,60,0.0,0.0,0.0,0.006372437557324573,0.1877255779697889,0.04913601936963571
2025-10-24,20,60,0.1,0.25,0.175,0.02331433486498813,0.13788974876467702,0.04913601936963571
2025-10-31,3,60,0.0,0.0,0.0,-0.023867487807008314,0.1622504950624221,-0.004544547827169098
2025-10-31,5,60,0.0,0.0,0.0,-0.0009359897602283729,0.13408167126183113,-0.004544547827169098
2025-10-31,10,60,0.2,0.4,0.3,0.0017174081399568774,0.09588233251706288,-0.004544547827169098
2025-10-31,20,60,0.5,0.65,0.575,0.009218433824321587,0.058477992699187444,-0.004544547827169098
2025-11-07,3,60,0.0,0.0,0.0,-0.024707757937719104,0.13533116076330223,-0.011966692066280251
2025-11-07,5,60,0.0,0.4,0.2,-0.0243022385477079,0.11213660059967463,-0.011966692066280251
2025-11-07,10,60,0.1,0.4,0.25,-0.006978896383407251,0.08075449270718849,-0.011966692066280251
2025-11-07,20,60,0.35,0.5,0.425,-0.00029674274047098993,0.05534454327850232,-0.011966692066280251
2025-11-14,3,60,0.0,0.0,0.0,-0.02414674346173325,0.07299251834352989,-0.03568303355230917
2025-11-14,5,60,0.2,0.2,0.2,-0.015480527461091298,0.05384467645598021,-0.03568303355230917
2025-11-14,10,60,0.2,0.5,0.35,-0.02199143050532095,0.02999819545606326,-0.03568303355230917
2025-11-14,20,60,0.4,0.5,0.45,-0.03261934388490731,0.007385080870938948,-0.03568303355230917
2025-11-21,3,60,0.0,0.3333333333333333,0.16666666666666666,-0.012570894671748212,0.10089643448994672,-0.0010796366765116288
2025-11-21,5,60,0.0,0.2,0.1,0.00015674227997344303,0.08368468039745917,-0.0010796366765116288
2025-11-21,10,60,0.0,0.1,0.05,-0.009024613621764177,0.06437503230755821,-0.0010796366765116288
2025-11-21,20,60,0.3,0.2,0.25,0.00018703809756464017,0.04639224451031839,-0.0010796366765116288
2025-11-28,3,60,0.0,0.0,0.0,-0.009567868889829967,0.20707395167698683,0.02200810758200238
2025-11-28,5,60,0.0,0.0,0.0,0.008343484268488322,0.16382680580638082,0.02200810758200238
2025-11-28,10,60,0.0,0.2,0.1,0.014834963581139926,0.11574907877535774,0.02200810758200238
2025-11-28,20,60,0.35,0.35,0.35,0.018967801716005806,0.08057515865957539,0.02200810758200238
2025-12-05,3,60,0.0,0.0,0.0,-0.019587413208951743,0.15967068560340011,0.015435917923985852
2025-12-05,5,60,0.0,0.0,0.0,-0.024558556913302488,0.14568783299896473,0.015435917923985852
2025-12-05,10,60,0.0,0.1,0.05,-0.014033023317371407,0.11631337335939147,0.015435917923985852
2025-12-05,20,60,0.2,0.25,0.225,-0.0018896721263903127,0.07454662756560129,0.015435917923985852
2025-12-12,3,60,0.0,0.0,0.0,0.00401973830948299,0.10526021972482276,0.0013002863446568886
2025-12-12,5,60,0.0,0.0,0.0,0.0006326210376449648,0.09736468609434934,0.0013002863446568886
2025-12-12,10,60,0.1,0.3,0.2,0.0021078001908849788,0.07715479885453272,0.0013002863446568886
2025-12-12,20,60,0.45,0.35,0.4,0.008958240233716174,0.049095462112050015,0.0013002863446568886
2025-12-19,3,60,0.0,0.0,0.0,0.023652584896702484,0.19044064671220515,0.04195897332089603
2025-12-19,5,60,0.0,0.0,0.0,0.024772426968662397,0.16011235407941554,0.04195897332089603
2025-12-19,10,60,0.1,0.0,0.05,0.03434984841397293,0.11621064455300614,0.04195897332089603
2025-12-19,20,60,0.25,0.25,0.25,0.027263546860495914,0.08659452240398884,0.04195897332089603
2025-12-26,3,60,0.0,0.0,0.0,0.028783502932714256,0.26235745718191034,0.038014274106289894
2025-12-26,5,60,0.0,0.2,0.1,0.02658864613768359,0.21483669653136847,0.038014274106289894
2025-12-26,10,60,0.1,0.1,0.1,0.03646636534803109,0.15755705291189323,0.038014274106289894
2025-12-26,20,60,0.3,0.35,0.325,0.029987500737784046,0.10824461568013324,0.038014274106289894
2026-01-02,3,60,0.0,0.0,0.0,0.0878106396414493,0.2556950346130646,0.06517361757853385
2026-01-02,5,60,0.0,0.0,0.0,0.07860739375487849,0.22893240914106788,0.06517361757853385
2026-01-02,10,60,0.2,0.2,0.2,0.07904497726604494,0.1910897660208078,0.06517361757853385
2026-01-02,20,60,0.45,0.45,0.45,0.08031206460235968,0.14432334677177727,0.06517361757853385
2026-01-09,3,60,0.0,0.0,0.0,-0.007527397719138018,0.32774222189036495,0.0573336368055211
2026-01-09,5,60,0.0,0.0,0.0,0.0016549941406997838,0.2775831386083148,0.0573336368055211
2026-01-09,10,60,0.1,0.1,0.1,0.010619194597502412,0.2131520606284437,0.0573336368055211
2026-01-09,20,60,0.15,0.2,0.175,0.016446296420270325,0.15729432889078937,0.0573336368055211
2026-01-16,3,60,0.0,0.0,0.0,0.01837568073271319,0.21347154605788518,0.019134023130151032
2026-01-16,5,60,0.0,0.4,0.2,0.0009288863294036886,0.17816360924628522,0.019134023130151032
2026-01-16,10,60,0.0,0.3,0.15,-0.0198413212556389,0.13930662192757517,0.019134023130151032
2026-01-16,20,60,0.35,0.4,0.375,0.01753937422945014,0.1005704716577545,0.019134023130151032
2026-01-23,3,60,0.0,0.0,0.0,-0.03161492710017525,0.5639608200116893,0.028040157054067923
2026-01-23,5,60,0.0,0.0,0.0,-0.05151221423459429,0.45691363651653666,0.028040157054067923
2026-01-23,10,60,0.0,0.3,0.15,-0.040327829940579187,0.29957006418533355,0.028040157054067923
2026-01-23,20,60,0.15,0.3,0.225,-0.011468533279130739,0.1758876266227068,0.028040157054067923
2026-01-30,3,60,0.0,0.3333333333333333,0.16666666666666666,-0.0005837318035932793,0.19660339952699646,-0.032474302108956875
2026-01-30,5,60,0.0,0.6,0.3,0.00047335982459424387,0.15201507228324523,-0.032474302108956875
2026-01-30,10,60,0.0,0.6,0.3,-0.024887252609727684,0.0962883989971443,-0.032474302108956875
2026-01-30,20,60,0.4,0.6,0.5,-0.007178431787205297,0.05060196046358476,-0.032474302108956875
2026-02-06,3,60,0.3333333333333333,0.3333333333333333,0.3333333333333333,0.05857042900077103,0.23112529439958415,0.040388768067173494
2026-02-06,5,60,0.2,0.6,0.4,0.03996299950596836,0.2042304768335906,0.040388768067173494
2026-02-06,10,60,0.1,0.5,0.3,0.03296050762994018,0.16418326904288427,0.040388768067173494
2026-02-06,20,60,0.3,0.45,0.375,0.0427102982132447,0.1136760706884278,0.040388768067173494
2026-02-13,3,60,0.0,0.0,0.0,-0.006446911872004042,0.27878853643110696,0.03945549115063794
2026-02-13,5,60,0.0,0.2,0.1,-0.01538028876753723,0.2504489360332271,0.03945549115063794
2026-02-13,10,60,0.0,0.1,0.05,-0.005727797454803341,0.20021735210349548,0.03945549115063794
2026-02-13,20,60,0.2,0.2,0.2,0.009598676372349707,0.13693192607000754,0.03945549115063794
2026-02-20,3,60,0.0,0.0,0.0,-0.04377093736898482,0.5594910053870313,0.08764281675122146
2026-02-20,5,60,0.0,0.0,0.0,-0.011063201514457565,0.4582004779384835,0.08764281675122146
2026-02-20,10,60,0.0,0.0,0.0,-0.0010185955879865483,0.34347350775311886,0.08764281675122146
2026-02-20,20,60,0.15,0.2,0.175,0.011278771401600584,0.24704463285576841,0.08764281675122146
2026-02-27,3,60,0.0,0.0,0.0,-0.0710680739620962,0.3302294852574566,0.0013823109404924464
2026-02-27,5,60,0.0,0.0,0.0,-0.05970264825864393,0.28374173317131246,0.0013823109404924464
2026-02-27,10,60,0.0,0.2,0.1,-0.04865228726165395,0.19845076564924138,0.0013823109404924464
2026-02-27,20,60,0.2,0.45,0.325,-0.04215513924380576,0.11691533639226055,0.0013823109404924464
2026-03-06,3,60,0.0,0.3333333333333333,0.16666666666666666,-0.0022997766933053145,0.16209061584125894,-0.017107566213209444
2026-03-06,5,60,0.2,0.6,0.4,0.027084396610847227,0.14006795708184927,-0.017107566213209444
2026-03-06,10,60,0.5,0.6,0.55,0.042701733593996774,0.09581218517679468,-0.017107566213209444
2026-03-06,20,60,0.7,0.55,0.625,0.022560154359675233,0.05499520495539487,-0.017107566213209444
2026-03-13,3,60,0.0,0.0,0.0,-0.006184703646152127,0.13313207743986152,-0.03332391767931834
2026-03-13,5,60,0.0,0.2,0.1,-0.005205293732406679,0.10620265149261136,-0.03332391767931834
2026-03-13,10,60,0.0,0.2,0.1,-0.01730897015501014,0.06911659455414361,-0.03332391767931834
2026-03-13,20,60,0.4,0.35,0.375,-0.02484111060928763,0.03608607087974103,-0.03332391767931834
2026-03-20,3,60,0.0,0.0,0.0,-0.0561573805106829,0.08670558924067436,-0.03509000950796394
2026-03-20,5,60,0.0,0.2,0.1,-0.05249420365739792,0.07202004099159756,-0.03509000950796394
2026-03-20,10,60,0.1,0.2,0.15,-0.053270695896588116,0.046539524193992876,-0.03509000950796394
2026-03-20,20,60,0.15,0.5,0.325,-0.03812948986857077,0.01783327888141082,-0.03509000950796394
2026-03-27,3,60,0.0,0.3333333333333333,0.16666666666666666,0.0011424842787899718,0.14232858388993197,-0.0019051134780688058
2026-03-27,5,60,0.0,0.2,0.1,-0.016828548935889587,0.12745723914875356,-0.0019051134780688058
2026-03-27,10,60,0.2,0.2,0.2,-0.003417399244060382,0.10124380243656195,-0.0019051134780688058
2026-03-27,20,60,0.2,0.25,0.225,-0.004638396634503694,0.06682679269361443,-0.0019051134780688058
2026-04-03,3,60,0.0,0.0,0.0,0.02309751109629432,0.2720808658739157,0.0650775633321664
2026-04-03,5,60,0.0,0.0,0.0,0.042160213257188106,0.23965553042116797,0.0650775633321664
2026-04-03,10,60,0.1,0.3,0.2,0.049698553943330004,0.19404056872476233,0.0650775633321664
2026-04-03,20,60,0.3,0.4,0.35,0.043576858034007585,0.1457406609646875,0.0650775633321664
2026-04-10,3,60,0.0,0.3333333333333333,0.16666666666666666,0.04171429163018595,0.17320512142045033,0.03156464511887613
2026-04-10,5,60,0.0,0.6,0.3,0.04083337840675574,0.1589290151099183,0.03156464511887613
2026-04-10,10,60,0.1,0.4,0.25,0.040270535161588204,0.1347700802330583,0.03156464511887613
2026-04-10,20,60,0.4,0.45,0.425,0.047392395696065515,0.10739669518589481,0.03156464511887613
2026-04-17,3,60,0.0,0.0,0.0,0.006650297331694051,0.20134193330870534,0.02124804709702619
2026-04-17,5,60,0.0,0.0,0.0,-0.010979025449336887,0.1745103252239013,0.02124804709702619
2026-04-17,10,60,0.0,0.1,0.05,-0.009925319607042172,0.1468976631259734,0.02124804709702619
2026-04-17,20,60,0.1,0.35,0.225,-0.00913221609992479,0.09965988686115228,0.02124804709702619
2026-04-24,3,60,0.0,0.3333333333333333,0.16666666666666666,0.007131146238697335,0.11702683591791081,-0.0002648717354770791
2026-04-24,5,60,0.2,0.2,0.2,0.02372985122015183,0.10061450312419051,-0.0002648717354770791
2026-04-24,10,60,0.3,0.3,0.3,0.017616728467145938,0.07452960525523962,-0.0002648717354770791
2026-04-24,20,60,0.35,0.4,0.375,-3.299488110813931e-05,0.051231764810158675,-0.0002648717354770791
2026-05-01,3,60,0.3333333333333333,0.0,0.16666666666666666,0.10643373935520388,0.19194408344266778,0.04286291345837179
2026-05-01,5,60,0.2,0.0,0.1,0.06932393411459867,0.18064032366871988,0.04286291345837179
2026-05-01,10,60,0.1,0.1,0.1,0.051071984110783564,0.1592221162663649,0.04286291345837179
2026-05-01,20,60,0.25,0.1,0.175,0.027302389468773502,0.12623127647874777,0.04286291345837179
2026-05-08,3,60,0.0,0.3333333333333333,0.16666666666666666,0.0009794849526915488,0.19764952497174929,0.0018485625870339971
2026-05-08,5,60,0.0,0.2,0.1,-0.016250929493526977,0.16759137068129512,0.0018485625870339971
2026-05-08,10,60,0.2,0.2,0.2,0.019617205218206136,0.13026665363041195,0.0018485625870339971
2026-05-08,20,60,0.3,0.2,0.25,-9.479460151231023e-05,0.08119969637018709,0.0018485625870339971
2026-05-15,3,60,0.0,0.0,0.0,-0.025155883628610726,0.17647888642189571,-0.032957240921548434
2026-05-15,5,60,0.0,0.2,0.1,-0.03455546329906232,0.14436096981498014,-0.032957240921548434
2026-05-15,10,60,0.1,0.1,0.1,-0.03223436097390124,0.10107014666048848,-0.032957240921548434
2026-05-15,20,60,0.3,0.35,0.325,-0.033751405532111554,0.04905454513952216,-0.032957240921548434
2026-05-22,3,60,0.0,0.3333333333333333,0.16666666666666666,-0.039512135487126544,0.3305906497992117,0.023872635574114297
2026-05-22,5,60,0.0,0.2,0.1,-0.028372813598257628,0.29338920001894253,0.023872635574114297
2026-05-22,10,60,0.0,0.1,0.05,-0.03233859852475399,0.22784848850808564,0.023872635574114297
2026-05-22,20,60,0.2,0.2,0.2,-0.021430721842028294,0.15415269136481857,0.023872635574114297
2026-05-29,3,60,0.0,0.3333333333333333,0.16666666666666666,-0.03658366491469537,0.09225625848366141,-0.025504519786187917
2026-05-29,5,60,0.0,0.2,0.1,-0.0491776322489027,0.0860881999551891,-0.025504519786187917
2026-05-29,10,60,0.0,0.1,0.05,-0.04462117266911266,0.07404407662605841,-0.025504519786187917
2026-05-29,20,60,0.15,0.2,0.175,-0.03746754956099318,0.039472733652236566,-0.025504519786187917
2026-06-05,3,60,0.0,0.0,0.0,-0.0073603085794828145,0.08407270228248868,-0.05659049964556688
2026-06-05,5,60,0.2,0.0,0.1,-0.025416803515341257,0.06601107134074184,-0.05659049964556688
2026-06-05,10,60,0.6,0.3,0.45,0.004747423921932559,0.044572022805355105,-0.05659049964556688
2026-06-05,20,60,0.5,0.55,0.525,-0.03719867544981693,0.007598426779742301,-0.05659049964556688
2026-06-12,3,60,0.0,0.0,0.0,0.07022963656367158,0.30956762000528687,0.08118085459516096
2026-06-12,5,60,0.0,0.0,0.0,0.05413958729250372,0.2747376735475178,0.08118085459516096
2026-06-12,10,60,0.1,0.0,0.05,0.056430877385830934,0.23079597776001753,0.08118085459516096
2026-06-12,20,60,0.1,0.2,0.15,0.04974651982203472,0.18320659233178138,0.08118085459516096
2026-06-19,3,60,0.3333333333333333,0.0,0.16666666666666666,0.05562571722808237,0.17265134038558094,-0.024929430689605122
2026-06-19,5,60,0.2,0.0,0.1,0.039996002987216575,0.1574390735728844,-0.024929430689605122
2026-06-19,10,60,0.4,0.1,0.25,0.016535493112957156,0.12451959137049518,-0.024929430689605122
2026-06-19,20,60,0.35,0.25,0.3,-0.010832637419243974,0.07428599573849115,-0.024929430689605122
2026-06-26,3,60,0.0,0.0,0.0,0.099743349588662,0.1848538821717626,-0.033506131470949836
2026-06-26,5,60,0.2,0.2,0.2,0.039279234767516845,0.16188085355486356,-0.033506131470949836
2026-06-26,10,60,0.4,0.4,0.4,0.03299915684762459,0.12344664308128957,-0.033506131470949836
2026-06-26,20,60,0.4,0.8,0.6,0.01721253556388761,0.08032453329539282,-0.033506131470949836
2026-07-03,3,60,0.0,0.3333333333333333,0.16666666666666666,0.022231897674620416,0.15505915383194657,-0.006194546192423027
2026-07-03,5,60,0.2,0.2,0.2,0.020424861817623107,0.13095166591801136,-0.006194546192423027
2026-07-03,10,60,0.3,0.3,0.3,-0.002857405819922232,0.09832115447223966,-0.006194546192423027
2026-07-03,20,60,0.25,0.35,0.3,-0.010658028759907295,0.07010320161925936,-0.006194546192423027
2026-07-10,3,60,0.0,0.3333333333333333,0.16666666666666666,-0.06430919258472412,0.17301970760230492,-0.040035059389105426
2026-07-10,5,60,0.0,0.4,0.2,-0.038369263912564476,0.1340688480799881,-0.040035059389105426
2026-07-10,10,60,0.2,0.4,0.3,-0.020529319928008216,0.09329782798727275,-0.040035059389105426
2026-07-10,20,60,0.45,0.55,0.5,-0.01558407034497209,0.05336304387189118,-0.040035059389105426
2026-07-17,3,60,0.0,0.3333333333333333,0.16666666666666666,0.006906213208968485,0.252640141992815,0.009718290156955611
2026-07-17,5,60,0.0,0.2,0.1,0.02414636865094839,0.2110345652092823,0.009718290156955611
2026-07-17,10,60,0.3,0.4,0.35,0.0313981562728262,0.16562559382911476,0.009718290156955611
2026-07-17,20,60,0.35,0.5,0.425,0.037012792040174394,0.1275002502646227,0.009718290156955611
2026-07-24,3,60,0.3333333333333333,0.0,0.16666666666666666,0.035323045923941566,0.07621585094677659,-0.05001837492121123
2026-07-24,5,60,0.2,0.2,0.2,-0.04472016445962383,0.06645588069583423,-0.05001837492121123
2026-07-24,10,60,0.2,0.5,0.35,-0.04183422634968207,0.05303082654082345,-0.05001837492121123
2026-07-24,20,60,0.4,0.55,0.475,-0.026188104574072262,0.030472270421956344,-0.05001837492121123
2026-07-31,3,60,0.3333333333333333,0.0,0.16666666666666666,0.21174105415199448,0.35518389632551517,0.07661830461449526
2026-07-31,5,60,0.4,0.0,0.2,0.15207985080751443,0.3058498417984335,0.07661830461449526
2026-07-31,10,60,0.3,0.2,0.25,0.12136636208300902,0.24709365924795845,0.07661830461449526
2026-07-31,20,60,0.4,0.35,0.375,0.09664751328095653,0.18568715150200252,0.07661830461449526
