date,open,high,low,close,volume,amount
2022-01-04,25.17356664,25.29918324,24.1183872,24.31309293,40064930,1555659823.82
2022-01-05,24.25656546,24.4324287,23.22650934,23.64104412,43949386,1657746476.72
2022-01-06,23.28931764,23.8043457,22.9250295,23.62220163,47143702,1756778004.0
2022-01-07,23.58451665,23.86087317,23.00668029,23.08833108,32960337,1224457854.83
2022-01-10,23.07576942,23.5531125,22.51677555,23.27047515,33979937,1251060766.3
2022-01-11,23.22022851,23.91740064,23.00039946,23.71013325,36051932,1357458919.37
2022-01-12,24.89092929,25.5001698,24.34449708,24.6208536,64665056,2545334350.35
2022-01-13,24.85324431,24.89721012,24.3696204,24.79043601,35775609,1405003679.86
2022-01-14,24.495237,24.6208536,23.79806487,24.01789392,31120987,1196369474.24
2022-01-17,24.01789392,24.59573028,23.47774254,23.63476329,31593567,1200138718.91
2022-01-18,23.64732495,24.74018937,23.52170835,24.5580453,36518512,1413496816.38
2022-01-19,24.77787435,25.88958126,24.495237,25.32430656,43378517,1754411915.37
2022-01-20,25.3745532,25.8770196,24.495237,24.86580597,23824993,951210802.18
2022-01-21,24.9348951,24.9977034,23.72269491,23.98648977,24370407,934682684.02
2022-01-24,23.79806487,24.3696204,23.65360578,23.9299623,16661494,634991117.71
2022-01-25,23.64732495,23.99905143,22.42884393,22.59842634,32701764,1199441438.57
2022-01-26,22.9250295,24.0555789,22.86850203,24.04301724,34434448,1301232282.76
2022-01-27,24.26912712,24.26912712,23.03808444,23.08205025,28758144,1070956978.01
2022-01-28,23.3646876,23.45890005,21.6060552,21.982905,43835806,1542893636.52
2022-02-07,22.610988,22.76800875,22.0457133,22.44768642,22539845,806571507.88
2022-02-08,22.53561804,22.54189887,21.354822,21.69398682,28809058,993726936.85
2022-02-09,21.57465105,21.71282931,20.64508821,21.68142516,38592742,1302479190.27
2022-02-10,21.53696607,21.63745935,20.726739,21.1035888,27443988,920990161.94
2022-02-11,20.9779722,21.1035888,20.29336173,20.36245086,39779630,1307064074.53
2022-02-14,20.11749849,20.39385501,19.80973782,20.06097102,31076361,999544261.42
2022-02-15,20.26823841,21.03449967,20.06097102,20.93400639,26310783,864706196.44
2022-02-16,21.25432872,21.25432872,20.59484157,20.64508821,23129732,766926401.14
2022-02-17,20.75186232,21.64374018,20.56971825,21.49300026,41232874,1397960340.09
2022-02-18,21.34854117,21.4176303,20.85863643,21.19152042,21357010,717289365.0
2022-02-21,21.28573287,21.7944801,20.86491726,21.26689038,29975807,1018483478.35
2022-02-22,21.00309552,21.13499295,20.6011224,21.07218465,20308093,674571260.05
2022-02-23,21.07218465,21.95778168,20.93400639,21.93893919,27212362,939221280.92
2022-02-24,21.6688635,22.40372061,21.38622615,21.7316718,30601186,1067709536.26
2022-02-25,22.05199413,22.56702219,21.76935678,21.9200967,19369681,680958924.87
2022-02-28,21.9200967,22.32206982,21.65002101,22.20273405,20056455,703208672.0
2022-03-01,22.51677555,22.64239215,22.1085216,22.1713299,20386457,727375488.0
2022-03-02,22.06455579,22.35347397,21.354822,21.47415777,30803584,1060627616.0
2022-03-03,21.67514433,21.90125421,21.01565718,21.09102714,21026398,713371952.0
2022-03-04,20.8523556,21.27945204,20.726739,20.99681469,20249796,679595440.0
2022-03-07,20.99681469,21.00937635,20.1614643,20.35617003,29531754,960405568.0
2022-03-08,20.55715659,21.08474631,20.24311509,20.5383141,35825714,1180973472.0
2022-03-09,20.85863643,21.49300026,20.36245086,21.38622615,46384866,1560176624.0
2022-03-10,22.13992575,22.53561804,21.70654848,22.30322733,40082518,1420060624.0
2022-03-11,22.07711745,22.2969465,21.55580856,22.13364492,29367962,1021864240.0
2022-03-14,21.76935678,22.13364492,21.47415777,21.51184275,23093838,799633680.0
2022-03-15,21.30457536,21.88241172,20.2242726,20.38129335,35909997,1195957392.0
2022-03-16,20.64508821,20.78326647,18.34630443,18.78596253,106754824,3205148800.0
2022-03-17,19.12512735,20.07981351,18.82992834,19.52081964,71888089,2224317072.0
2022-03-18,19.470573,19.470573,18.44051688,19.3449564,40157067,1213915976.81
2022-03-21,19.31355225,19.91651193,19.10000403,19.64643624,24026664,749439030.77
2022-03-22,19.60247043,19.87882695,18.92414079,19.10628486,23093824,708666095.39
2022-03-23,19.43288802,20.26195758,19.19421648,20.05469019,38088416,1205635859.46
2022-03-24,19.9102311,20.06725185,19.62759375,19.94163525,19393836,612796719.87
2022-03-25,19.94163525,20.01072438,19.31983308,19.37636055,19481158,607684081.89
2022-03-28,18.99322992,19.37007972,18.82992834,19.02463407,16632904,503771070.95
2022-03-29,19.0309149,19.1565315,18.54101016,18.64150344,25377685,756878793.86
2022-03-30,18.89273664,19.77833367,18.72315423,19.76577201,34297709,1065064553.57
2022-03-31,19.75321035,19.87882695,19.25074395,19.77833367,28680620,894747445.95
2022-04-01,19.64015541,19.7846145,19.2821481,19.35123723,20741099,642882490.07
2022-04-06,19.470573,19.56478545,18.74199672,18.9052983,20903471,632931248.58
2022-04-07,18.84249,19.25074395,18.72943506,18.9052983,16692603,503798705.78
2022-04-08,18.93670245,19.30727142,18.72315423,18.92414079,13857086,418805886.43
2022-04-11,18.71059257,18.71059257,17.46698823,17.586324,32344231,917324094.19
2022-04-12,17.9003655,18.36514692,17.68053645,18.214407,22095856,636230203.72
2022-04-13,18.20812617,18.214407,17.586324,17.9003655,16045670,459429322.85
2022-04-14,17.95061214,18.45307854,17.8375572,18.22696866,15012955,433707290.75
2022-04-15,18.05738625,18.17672202,17.76218724,17.91920799,11424841,326469358.91
2022-04-18,17.7119406,18.57241431,17.65541313,18.4028319,13024643,378678521.57
2022-04-19,18.55357182,18.70431174,18.03226293,18.0887904,12459155,361896133.46
2022-04-20,18.07622874,18.17672202,17.60516649,17.63657064,16264896,461146628.13
2022-04-21,17.29112499,17.61772815,16.71956946,16.86402855,22444235,609376864.91
2022-04-22,16.7070078,17.01476847,16.5185829,16.82006274,16754904,446461708.91
2022-04-25,16.48717875,16.68816531,16.23594555,16.330158,24347882,638004214.31
2022-04-26,16.36156215,16.53114456,16.06636314,16.21710306,24125761,626604595.53
2022-04-27,16.48089792,17.8375572,16.3929663,17.8375572,41142604,1131281327.43
2022-04-28,17.9631738,18.57241431,17.8375572,18.35886609,30049033,872528781.34
2022-04-29,18.99322992,20.18658762,18.30861945,20.098656,40322464,1244889282.53
2022-05-05,21.09730797,21.09730797,19.47685383,19.69040205,35031478,1109025525.83
2022-05-06,19.25702478,20.25567675,19.17537399,19.77833367,18747791,590392339.39
2022-05-09,19.470573,20.19914928,19.42032636,20.04212853,11870803,375271830.13
2022-05-10,20.23683426,20.68277319,19.7846145,20.11121766,33011684,1063907082.72
2022-05-11,20.11121766,20.81467062,19.9102311,20.4755058,27693401,896944269.24
2022-05-12,20.25567675,21.07846548,20.19286845,20.9779722,23900230,791805192.18
2022-05-13,21.03449967,21.0407805,20.45038248,20.68905402,15902703,523099640.02
2022-05-16,20.90888307,21.2292054,20.56971825,20.90260224,9936972,330349309.86
2022-05-17,20.95912971,21.51812358,20.62624572,21.4804386,16064556,540671629.68
2022-05-18,21.52440441,21.57465105,20.83351311,21.13499295,18190656,612649159.47
2022-05-19,20.83351311,21.47415777,20.67649236,21.26060955,10997590,370542123.14
2022-05-20,21.44275362,21.8572884,20.88375975,21.7944801,30430960,1034147640.78
2022-05-23,21.62489769,21.62489769,20.61996489,21.26689038,23271099,780196408.98
2022-05-24,21.1035888,21.38622615,20.38129335,20.40013584,22837487,756908264.13
2022-05-25,20.3498892,21.31085619,20.04212853,21.15383544,24049020,792139154.04
2022-05-26,20.93400639,21.2292054,20.45038248,21.01565718,16663478,555113216.69
2022-05-27,21.11615046,21.64374018,20.7895473,20.9151639,12099810,407640944.15
2022-05-30,20.99053386,21.44903445,20.64508821,21.36738366,16413727,553667048.87
2022-05-31,21.96406251,22.1713299,21.36738366,21.51184275,37666206,1301917671.16
2022-06-01,21.4804386,22.20273405,21.354822,22.12736409,29382971,1026444266.27
2022-06-02,22.47280974,22.47280974,21.73795263,22.14620658,21451670,752329529.39
2022-06-06,21.98918583,22.20273405,21.44903445,21.71282931,32243748,1115165128.31
2022-06-07,21.57465105,21.6688635,20.9151639,21.4804386,24943031,845816347.5
2022-06-08,21.354822,21.47415777,20.44410165,20.98425303,35881635,1191942352.62
2022-06-09,21.07218465,21.44275362,20.726739,20.97169137,21440647,720591685.46
2022-06-10,20.65764987,21.17895876,20.6011224,21.1663971,21210512,709817979.21
2022-06-13,20.8523556,21.14127378,20.58856074,20.92144473,20927253,694084815.52
2022-06-14,20.54459493,20.72045817,19.48941549,20.15518347,33052771,1052253582.14
2022-06-15,19.9730394,20.46922497,19.77833367,20.02328604,21766431,697521989.52
2022-06-16,20.01700521,20.6011224,19.98560106,20.40641667,19312116,627299598.73
2022-06-17,20.44410165,20.95912971,20.1614643,20.69533485,21596022,711183938.99
2022-06-20,20.92144473,21.09102714,20.43782082,20.51319078,25354920,837491118.91
2022-06-21,20.6639307,20.7895473,20.17402596,20.52575244,20198410,656591649.21
2022-06-22,20.7623584,20.94555568,20.15933402,20.19750012,21076385,568400318.02
2022-06-23,20.1517008,21.51804718,19.93033742,21.35011634,31585949,863459412.51
2022-06-24,21.66307836,21.82337598,21.26615092,21.64781192,22830564,644827094.65
2022-06-27,21.87680852,21.87680852,21.26615092,21.47988108,27458353,773680113.7
2022-06-28,21.53331362,21.53331362,20.9150228,21.35774956,20391648,566520538.17
2022-06-29,21.373016,21.41881532,20.3806974,20.42649672,35428557,963694641.7
2022-06-30,20.3806974,20.82342416,20.3806974,20.609694,16571183,447905855.39
2022-07-01,20.609694,20.9531889,20.51809536,20.67075976,14079523,382015158.08
2022-07-04,20.46466282,21.35011634,20.39596384,21.3348499,34526619,950281581.24
2022-07-05,21.44171498,21.73177734,21.1440194,21.6020126,38053905,1069065913.45
2022-07-06,21.58674616,22.136338,20.991355,21.28905058,31394176,886807277.67
2022-07-07,21.30431702,22.33480172,20.99898822,22.12107156,38075536,1090884577.87
2022-07-08,22.33480172,22.517999,21.6783448,21.80810954,38437634,1109362965.38
2022-07-11,22.04473936,22.73936238,21.77757666,22.2126702,54956423,1601940449.72
2022-07-12,22.04473936,22.89966,21.93787428,21.99130682,44940710,1319426702.4
2022-07-13,21.8310092,22.85386068,21.78520988,22.68592984,54501528,1605812059.72
2022-07-14,22.67829662,23.15155626,22.2890024,22.57143154,38526292,1145261327.34
2022-07-15,22.57906476,23.57901658,22.517999,23.00652508,50443021,1527976446.13
2022-07-18,23.00652508,23.281321,22.517999,23.0523244,37256302,1119513943.62
2022-07-19,23.05995762,23.05995762,22.14397122,22.22030342,33465261,980881180.01
2022-07-20,22.35006816,22.41876714,22.0218397,22.22793664,18975462,552481121.91
2022-07-21,22.136338,22.88439356,21.91497462,22.38060104,27348343,806963498.06
2022-07-22,22.38060104,22.9759922,22.38060104,22.7088295,23915867,710616106.19
2022-07-25,22.5943312,22.61723086,21.57911294,21.70124446,25029672,716647387.61
2022-07-26,21.5638465,22.0981719,21.54094684,22.0218397,15169897,435143605.58
2022-07-27,22.01420648,22.14397122,21.4493482,22.11343834,25775065,735346056.34
2022-07-28,22.10580512,22.20503698,21.6783448,21.7165109,16798651,480753104.9
2022-07-29,21.9836736,23.41108574,21.9836736,22.27373596,49876363,1483203213.08
2022-08-01,22.35006816,22.35006816,21.5256804,22.18213732,24472279,701229492.85
2022-08-02,21.87680852,21.88444174,21.0676872,21.46461464,27841165,785281555.38
2022-08-03,21.72414412,22.4035007,21.58674616,21.7928431,30313994,873884180.95
2022-08-04,22.2508363,22.80806136,22.01420648,22.3271685,30673395,898422078.0
2022-08-05,22.2890024,22.31953528,21.7928431,22.12107156,18504113,533698273.0
2022-08-08,21.89207496,22.2508363,21.66307836,22.06763902,14193951,409008346.0
2022-08-09,22.05237258,22.47219968,21.8310092,21.93024106,19167405,554554087.0
2022-08-10,21.83864242,21.9455075,21.5638465,21.754677,13236423,376504102.0
2022-08-11,22.00657326,22.00657326,21.61727904,21.84627564,16861308,481107612.0
2022-08-12,21.80810954,21.99894004,21.43408176,21.4493482,19313077,546927771.0
2022-08-15,21.44171498,21.8691753,21.38828244,21.8310092,17627203,501309451.65
2022-08-16,21.83864242,22.41876714,21.7928431,21.80810954,23599030,683315134.29
2022-08-17,22.06763902,22.4416668,21.88444174,22.08290546,28741916,834358351.4
2022-08-18,22.0600058,22.47219968,21.96077394,22.11343834,25527041,742706769.17
2022-08-19,22.02947292,22.11343834,21.58674616,21.8691753,17342190,495408044.6
2022-08-22,21.99130682,22.19740376,21.8310092,22.03710614,15921799,458651741.58
2022-08-23,21.9836736,22.38823426,21.77757666,22.22793664,26873042,780767366.95
2022-08-24,22.27373596,22.57906476,21.6401787,21.66307836,26506785,763818379.83
2022-08-25,21.77757666,21.81574276,20.4188635,20.78525806,31974689,877953954.45
2022-08-26,20.8386906,21.57911294,20.8386906,21.26615092,22877250,637664859.21
2022-08-29,21.02188788,22.01420648,20.8386906,21.9836736,24076924,681363295.0
2022-08-30,22.12107156,22.33480172,21.76231022,21.81574276,17913683,516453799.87
2022-08-31,21.60964582,21.754677,20.9531889,20.9531889,32079853,892145981.83
2022-09-01,21.12111974,21.4875143,20.7241923,20.84632382,18680672,514635636.63
2022-09-02,20.69365942,20.85395704,19.9227042,20.12116792,24319315,644544999.94
2022-09-05,20.12116792,20.29673198,19.6937076,19.94560386,15231261,396807624.49
2022-09-06,20.04483572,20.4188635,19.77767302,20.2661991,15776874,416835794.51
2022-09-07,19.9608703,20.33489808,19.9608703,20.228033,17798038,471059538.71
2022-09-08,20.2661991,20.29673198,19.94560386,19.9608703,14285008,376172729.6
2022-09-09,20.06773538,20.4188635,19.846372,20.21276656,20025032,530651701.08
2022-09-13,20.22039978,20.35016452,19.93033742,20.12116792,12746689,335348316.28
2022-09-14,19.90743776,19.99140318,19.24334762,19.44944456,27320269,699362415.1
2022-09-15,19.54867642,19.60974218,18.57162426,18.7777212,29370530,728171475.25
2022-09-16,18.8158873,19.18228186,18.5487246,18.6632229,21220349,525057453.49
2022-09-19,18.6632229,19.13648254,18.59452392,18.9303856,13145034,325234663.24
2022-09-20,18.94565204,19.06778356,18.8540534,18.96091848,10272142,255043837.79
2022-09-21,18.90748594,19.16701542,18.6250568,18.84642018,13110486,325072195.51
2022-09-22,18.53345816,18.99145136,18.1670636,18.84642018,15478441,380142968.63
2022-09-23,18.90748594,19.1212161,18.82352052,19.02961746,15977463,398356212.9
2022-09-26,18.8540534,19.10594966,18.53345816,18.5487246,14261133,351428436.81
2022-09-27,18.61742358,19.02961746,18.60979036,18.9685517,13713051,338159758.37
2022-09-28,18.95328526,18.95328526,18.13653072,18.2052297,16003769,385367464.56
2022-09-29,18.2815619,18.92275238,18.2815619,18.80062086,19068882,467163352.81
2022-09-30,18.69375578,19.12884932,18.69375578,18.98381814,15991685,397757436.93
2022-10-10,19.60974218,19.60974218,18.67085612,18.68612256,16676116,414505265.45
2022-10-11,18.63269002,19.1593822,18.63269002,19.11358288,14986530,373608779.7
2022-10-12,19.28914694,19.6173754,18.97618492,19.6173754,16306942,412663058.71
2022-10-13,19.55630964,19.68607438,19.3120466,19.5410432,12209745,312162681.92
2022-10-14,19.7700398,19.90743776,19.54867642,19.7318737,16296119,421203288.73
2022-10-17,19.6555415,19.7318737,19.2357144,19.45707778,16199067,411584372.68
2022-10-18,19.53340998,19.73950692,19.37311236,19.55630964,9643108,246964256.3
2022-10-19,19.60210896,19.83110556,19.4265449,19.464711,11327288,291028079.79
2022-10-20,19.3883788,19.6937076,19.08305,19.54867642,13061599,332722850.23
2022-10-21,19.49524388,19.846372,19.45707778,19.52577676,11009314,283299424.01
2022-10-24,19.4265449,19.82347234,19.1212161,19.2738805,15856518,404459805.54
2022-10-25,19.2738805,19.60974218,18.9303856,19.35784592,17825116,449184486.66
2022-10-26,19.36547914,20.04483572,19.20518152,19.90743776,19179101,497547379.78
2022-10-27,20.0372025,20.20513334,19.60210896,19.64027506,14253724,370159803.32
2022-10-28,19.5410432,19.90743776,18.5487246,18.82352052,20945591,520176422.38
2022-10-31,18.3960602,18.91511916,18.17469682,18.6250568,20471520,495831380.2
2022-11-01,18.99145136,19.9227042,18.7395551,19.89217132,32336599,830767985.43
2022-11-02,19.93033742,20.36543096,19.51051032,20.0372025,25280722,664136800.84
2022-11-03,19.99140318,20.18223368,19.7700398,19.9990364,16914327,442374260.45
2022-11-04,19.94560386,20.74709196,19.85400522,20.3806974,29472886,792291991.34
2022-11-07,20.3806974,20.5715279,20.17460046,20.3425313,17576471,469117075.25
2022-11-08,20.35016452,20.47229604,20.06010216,20.41123028,20322887,540576953.39
2022-11-09,20.41123028,20.42649672,19.846372,19.99140318,15729893,413698542.46
2022-11-10,19.89217132,19.9227042,19.28914694,19.55630964,22388697,571032411.81
2022-11-11,19.98376996,20.14406758,19.72424048,19.95323708,18823515,491548480.87
2022-11-14,20.22039978,20.36543096,19.60974218,19.68607438,17235121,451143353.0
2022-11-15,19.48761066,19.83873878,19.41127846,19.67080794,20280479,521560802.92
2022-11-16,19.67844116,19.68607438,19.09068322,19.21281474,24812421,626842989.37
2022-11-17,19.1593822,19.35784592,19.08305,19.3502127,12734411,321197842.29
2022-11-18,19.3883788,20.3425313,19.31967982,20.1517008,36662398,959552926.32
2022-11-21,20.1517008,20.991355,20.12880114,20.46466282,43477426,1178075444.89
2022-11-22,20.6478601,20.70129264,19.8845381,20.28909876,18149632,480068880.32
2022-11-23,20.09826826,20.80815772,20.08300182,20.7241923,20846777,563948667.61
2022-11-24,20.8005245,20.9150228,20.4951957,20.58679434,12494590,337778975.5
2022-11-25,20.4570296,20.7241923,20.1517008,20.5715279,14221994,382420793.89
2022-11-28,20.5715279,20.83105738,20.2661991,20.54099502,23150213,623514567.42
2022-11-29,20.36543096,20.71655908,20.28909876,20.52572858,18286860,491321680.08
2022-11-30,20.60206078,20.60206078,19.9227042,20.28146554,31146556,823563716.45
2022-12-01,20.24329944,20.33489808,19.83873878,19.91507098,35555243,930836450.88
2022-12-02,19.846372,20.15933402,19.76240658,20.02193606,17882610,468585832.11
2022-12-05,20.1135347,20.20513334,19.89217132,20.13643436,20551892,541312864.17
2022-12-06,20.09063504,20.42649672,20.02193606,20.40359706,23673876,629302448.07
2022-12-07,20.40359706,20.57916112,20.228033,20.38833062,17952296,480460641.02
2022-12-08,20.22039978,20.55626146,20.08300182,20.27383232,21091235,560199826.84
2022-12-09,20.1135347,20.2661991,19.60210896,20.1517008,66958559,1744178419.32
2022-12-12,19.846372,19.9990364,19.5028771,19.95323708,27149499,705248195.43
2022-12-13,19.83110556,20.13643436,19.51051032,19.58684252,16718320,432628606.71
2022-12-14,19.464711,19.6555415,18.9303856,18.9303856,29851745,747748941.92
2022-12-15,18.9303856,19.2357144,18.9303856,19.2357144,16809362,420002192.11
2022-12-16,19.10594966,19.44944456,19.08305,19.3883788,15132837,382700783.61
2022-12-19,19.33494626,19.37311236,19.1212161,19.22044796,9560693,240995769.82
2022-12-20,19.08305,19.28914694,18.82352052,18.9303856,10479166,261072202.34
2022-12-21,18.83878696,19.0067178,18.56399104,18.67848934,13947337,342027801.3
2022-12-22,18.80825408,18.91511916,18.4342263,18.64795646,15178427,371716464.97
2022-12-23,18.60215714,18.89985272,18.53345816,18.67848934,7361809,180922006.35
2022-12-26,18.701389,19.6555415,18.701389,19.57157608,18733707,474337585.74
2022-12-27,19.62500862,19.72424048,19.37311236,19.43417812,7724942,197411295.79
2022-12-28,19.4265449,19.51814354,19.14411576,19.25098084,12143040,306373623.5
2022-12-29,19.02961746,19.35784592,19.02961746,19.21281474,9212673,231744407.23
2022-12-30,19.22808118,19.37311236,18.60979036,18.6250568,27197684,671334779.16
2023-01-03,18.55635782,19.2738805,18.50292528,19.17464864,24313210,602928478.82
2023-01-04,19.21281474,19.25098084,18.30446156,18.44185952,29206203,711573506.6
2023-01-05,18.46475918,18.7395551,18.3960602,18.64032324,30132239,734591120.63
2023-01-06,18.54109138,18.98381814,18.44185952,18.74718832,32323964,794070081.74
2023-01-09,19.02961746,19.8082059,19.02961746,19.71660726,48594031,1246017701.25
2023-01-10,19.6555415,20.228033,19.41127846,19.9990364,28839236,751670389.93
2023-01-11,19.99140318,20.21276656,19.7318737,19.78530624,14936798,389559388.72
2023-01-12,19.79293946,20.4188635,19.79293946,20.228033,23597430,624838189.8
2023-01-13,20.18223368,20.28909876,19.9608703,20.228033,18878422,497882754.9
2023-01-16,20.3043652,20.67839298,20.1517008,20.44939638,23363716,629273813.45
2023-01-17,20.73182552,21.07532042,20.609694,20.7623584,21684661,590114388.35
2023-01-18,20.8768567,20.97608856,20.51046214,20.63259366,15057817,407360892.09
2023-01-19,20.7623584,20.7623584,20.35779774,20.54862824,21262439,570096762.39
2023-01-20,20.5333618,20.65549332,20.31963164,20.44939638,24188782,647488316.89
2023-01-30,20.7623584,20.7623584,20.09063504,20.12116792,25975404,692990263.11
2023-01-31,20.0753686,20.3043652,19.98376996,20.14406758,18510538,488717800.74
2023-02-01,20.1898669,20.28909876,19.8845381,20.228033,16851531,443616309.46
2023-02-02,20.228033,20.31963164,19.9990364,20.02193606,17631456,464242686.05
2023-02-03,20.00666962,20.10590148,19.7318737,19.94560386,19366495,504762888.4
2023-02-06,20.09826826,20.2661991,19.70897404,19.86163844,19994812,521661626.09
2023-02-07,19.95323708,20.06010216,19.7700398,19.9608703,11558503,301837277.95
2023-02-08,20.0372025,20.12116792,19.85400522,19.91507098,10132405,264704591.73
2023-02-09,19.81583912,20.01430284,19.75477336,19.91507098,13831661,360965259.66
2023-02-10,19.79293946,19.85400522,19.47997744,19.56394286,19888704,510603204.57
2023-02-13,19.60210896,19.67844116,19.47234422,19.53340998,15719926,402294673.83
2023-02-14,19.6555415,20.28909876,19.59447574,20.28909876,33522550,878606031.82
2023-02-15,20.40359706,20.40359706,19.9227042,20.15933402,19857182,522503287.01
2023-02-16,20.0753686,20.10590148,19.41127846,19.5792093,24635348,639411756.28
2023-02-17,19.5792093,19.64790828,19.3120466,19.3883788,16251466,414670079.3
2023-02-20,19.41891168,19.60210896,19.10594966,19.55630964,16783420,425444537.89
2023-02-21,19.54867642,19.8845381,19.51051032,19.8082059,16553371,428580837.4
2023-02-22,19.75477336,19.8082059,19.6173754,19.63264184,10640486,274567412.29
2023-02-23,19.63264184,19.7700398,19.48761066,19.6937076,9740559,250507428.8
2023-02-24,19.6937076,20.02956928,19.64027506,19.7700398,20435898,530073484.43
2023-02-27,19.6937076,20.19750012,19.6555415,20.0372025,19767783,518845989.34
2023-02-28,20.0372025,20.14406758,19.77767302,20.0372025,11903625,311930944.1
2023-03-01,20.0753686,20.1898669,19.8845381,20.04483572,16024977,421018445.84
2023-03-02,19.9990364,20.228033,19.99140318,20.12116792,13305282,350563187.8
2023-03-03,20.1898669,20.54099502,20.04483572,20.3425313,25720134,686075800.26
2023-03-06,20.35779774,20.5715279,20.01430284,20.51809536,28371099,756458688.4
2023-03-07,20.52572858,20.63259366,20.19750012,20.27383232,18248984,488645637.95
2023-03-08,20.1517008,20.37306418,19.9990364,20.19750012,13300064,350958748.76
2023-03-09,20.29673198,20.29673198,19.93033742,19.95323708,10922196,286743783.19
2023-03-10,19.94560386,20.09063504,19.81583912,19.89217132,13317318,348088715.04
2023-03-13,19.846372,20.4570296,19.75477336,20.3806974,19984238,531079079.47
2023-03-14,20.3043652,20.3806974,19.86927166,20.0372025,17367004,456463334.69
2023-03-15,20.17460046,20.54099502,20.08300182,20.31199842,14807039,394255980.82
2023-03-16,20.228033,20.38833062,19.70134082,19.77767302,19754222,516138709.42
2023-03-17,19.96850352,20.96082212,19.93797064,20.88448992,48010554,1298508227.81
2023-03-20,20.86922348,21.09058686,20.70129264,20.96082212,26451310,724700100.99
2023-03-21,21.08295364,21.11348652,20.73182552,20.84632382,17909573,490280841.42
2023-03-22,20.9150228,20.9531889,20.55626146,20.70129264,14000649,379523093.0
2023-03-23,20.609694,20.73182552,20.3806974,20.58679434,16078928,432591467.22
2023-03-24,20.6860262,21.19745194,20.44176316,21.05242076,29235890,803740543.88
2023-03-27,20.84632382,21.31958346,20.6860262,21.08295364,25373973,701751928.64
2023-03-28,21.21271838,21.59437938,21.01425466,21.11348652,29223281,815654647.61
2023-03-29,21.25088448,21.38828244,20.88448992,20.89975636,13574089,374361577.34
2023-03-30,20.82342416,21.05242076,20.7241923,21.0295211,12570381,344477889.02
2023-03-31,20.92265602,21.0295211,20.54862824,20.69365942,15561287,422097222.61
2023-04-03,20.8386906,20.8386906,20.5715279,20.69365942,12944728,350774501.98
2023-04-04,20.73182552,20.73945874,20.1517008,20.5333618,17752835,473830494.85
2023-04-06,20.4570296,20.51809536,20.19750012,20.35016452,12327842,327955386.62
2023-04-07,20.35016452,20.73945874,20.23566622,20.73945874,10904846,294346398.11
2023-04-10,20.609694,20.82342416,20.35016452,20.67075976,14779941,398512625.4
2023-04-11,20.48756248,20.64022688,20.16696724,20.50282892,14723705,393635121.02
2023-04-12,20.609694,20.71655908,20.3043652,20.3806974,13439924,359187381.81
2023-04-13,20.3806974,20.64022688,20.21276656,20.55626146,19785942,530608861.43
2023-04-14,20.609694,20.67075976,20.28909876,20.4951957,16591198,444919929.47
2023-04-17,20.44176316,20.67839298,20.28909876,20.37306418,16648186,445499624.05
2023-04-18,20.42649672,21.0676872,20.42649672,20.75472518,25015238,682841180.26
2023-04-19,20.7623584,20.8005245,20.38833062,20.47229604,15065104,405281847.72
2023-04-20,20.47992926,20.54099502,20.228033,20.3425313,13662057,365228693.57
2023-04-21,20.3425313,20.4570296,19.83873878,19.90743776,16328368,429497012.87
2023-04-24,19.846372,20.06773538,19.72424048,19.8845381,11673140,304680553.58
2023-04-25,19.8845381,19.9608703,19.1593822,19.38074558,20881762,529507898.11
2023-04-26,19.5410432,19.82347234,19.45707778,19.5410432,11994512,308492170.64
2023-04-27,19.52577676,19.62500862,19.25098084,19.47997744,14181089,361038350.26
2023-04-28,19.82347234,20.06773538,19.55630964,19.93797064,15078039,391811625.82
2023-05-04,19.93797064,20.28909876,19.83110556,20.21276656,15972384,420558521.45
2023-05-05,20.1517008,20.1898669,19.83110556,19.89980454,10162125,265351702.94
2023-05-08,19.90743776,20.36543096,19.90743776,20.05246894,16831897,445053067.0
2023-05-09,19.9608703,20.1898669,19.62500862,20.04483572,16958501,442797373.12
2023-05-10,19.9990364,21.02188788,19.98376996,20.609694,29446757,796459841.81
2023-05-11,20.64022688,20.83105738,20.46466282,20.73182552,16278925,441676315.57
2023-05-12,20.64022688,20.8386906,20.50282892,20.57916112,8999298,243346278.1
2023-05-15,20.79289128,21.09058686,20.60206078,20.92265602,16714742,456534290.5
2023-05-16,21.0676872,21.51041396,20.991355,21.28141736,27045735,755606498.25
2023-05-17,21.2966838,21.4875143,21.03715432,21.28141736,16254485,453181695.19
2023-05-18,21.2966838,21.4875143,21.11348652,21.23561804,15630362,436000969.84
2023-05-19,21.373016,21.58674616,21.11348652,21.30431702,15459807,432341855.04
2023-05-22,21.28905058,21.5638465,21.09058686,21.23561804,16322940,455079495.45
2023-05-23,21.35774956,21.35774956,20.63259366,20.6478601,17999005,491180116.57
2023-05-24,20.74709196,20.83105738,20.52572858,20.59442756,14440981,391117263.46
2023-05-25,20.46466282,20.8005245,20.3043652,20.5333618,11871075,319544637.41
2023-05-26,20.47992926,20.5333618,20.25856588,20.48756248,6515708,174054519.94
2023-05-29,20.44939638,20.6478601,20.36543096,20.50282892,10303387,276582757.14
2023-05-30,20.4951957,21.15165262,20.4951957,21.00662144,17982647,492856818.17
2023-05-31,21.17455228,21.19745194,20.71655908,20.94555568,14010381,383625175.51
2023-06-01,20.90738958,21.15165262,20.55626146,20.59442756,16819603,458392646.34
2023-06-02,20.64022688,20.86159026,20.42649672,20.47229604,13202467,355685043.74
2023-06-05,20.59442756,20.66312654,20.31199842,20.4188635,8798981,235897459.59
2023-06-06,20.4188635,20.6478601,20.38833062,20.44176316,11990120,322568712.99
2023-06-07,20.39596384,20.51046214,20.0753686,20.18223368,12427138,329236519.54
2023-06-08,20.18223368,20.228033,19.89980454,20.08300182,13672610,358411735.82
2023-06-09,20.08300182,20.43412994,19.8845381,20.36543096,16439171,435373447.13
2023-06-12,20.36543096,20.4951957,20.15933402,20.1898669,9772655,259630583.83
2023-06-13,20.19750012,20.3806974,19.846372,20.31199842,10933491,289455681.42
2023-06-14,20.31199842,20.4188635,20.12116792,20.12880114,12620823,334770953.13
2023-06-15,20.31199842,20.97608856,20.18223368,20.93028924,22633257,615115967.16
2023-06-16,20.991355,21.31958346,20.92265602,21.25088448,16777683,465438619.98
2023-06-19,21.2203516,21.754677,21.1440194,21.4111821,23071953,647057967.54
2023-06-20,21.51804718,21.66307836,21.26615092,21.35011634,10610488,297142593.93
2023-06-21,21.35012052,21.52664458,21.1364335,21.17359646,15646594,358538125.81
2023-06-26,21.56380754,21.56380754,20.75551316,21.06210758,20132154,456047885.21
2023-06-27,21.16430572,21.34082978,20.8112576,21.06210758,15011645,339998262.08
2023-06-28,21.06210758,21.35012052,20.904165,21.33153904,13223428,301255579.95
2023-06-29,21.30366682,21.73104086,21.20146868,21.63813346,15421343,357591409.33
2023-06-30,21.63813346,21.7867853,21.4616094,21.4616094,12649062,294163279.3
2023-07-03,21.5080631,21.85182048,21.42444644,21.45231866,12215316,283414303.16
2023-07-04,21.45231866,21.91685566,21.44302792,21.76820382,16170517,378462139.28
2023-07-05,21.99118158,22.5300445,21.9726001,22.0655075,23807526,568050152.11
2023-07-06,22.22345008,22.38139266,21.7403316,21.7867853,12186338,287420533.78
2023-07-07,21.95401862,22.21415934,21.68458716,21.833239,16863473,397764190.48
2023-07-10,21.88898344,22.13054268,21.57309828,21.88898344,13486868,316567097.85
2023-07-11,21.6938779,21.95401862,21.66600568,21.833239,10351699,243138610.87
2023-07-12,22.1119612,22.3906834,21.98189084,22.17699638,20419566,488344111.21
2023-07-13,22.16770564,22.5300445,22.1119612,22.46500932,23809536,574837928.72
2023-07-14,22.3906834,22.67869634,21.9261464,21.95401862,18202612,433713534.04
2023-07-17,21.96330936,22.64153338,21.7867853,22.61366116,21763404,525412084.89
2023-07-18,22.55791672,22.73444078,22.4835908,22.72515004,23109738,563474480.32
2023-07-19,22.72515004,23.07819816,22.59507968,22.8552204,22336667,550312230.03
2023-07-20,22.8552204,23.0874889,22.42784636,22.51146302,18775151,458590155.51
2023-07-21,22.4371371,22.59507968,22.2048686,22.35352044,13032289,313450332.26
2023-07-24,22.19557786,22.27919452,22.03763528,22.13983342,11873469,282935209.71
2023-07-25,22.35352044,22.36281118,21.833239,22.09337972,19499179,462718622.42
2023-07-26,21.94472788,22.2513223,21.86111122,22.22345008,19328637,458916951.3
2023-07-27,22.2513223,22.54862598,21.96330936,22.0190538,14001930,335359373.11
2023-07-28,22.00976306,22.28848526,21.75891308,22.28848526,17749871,422211824.12
2023-07-31,22.4371371,22.67869634,22.21415934,22.59507968,20570476,499010415.99
2023-08-01,22.55791672,22.68798708,21.8796927,22.28848526,23713934,565602322.58
2023-08-02,22.22345008,22.40926488,21.58238902,21.85182048,21513734,505452159.95
2023-08-03,21.80536678,22.1584149,21.7403316,22.14912416,16039494,379874198.74
2023-08-04,22.18628712,22.30706674,21.9726001,22.13054268,12791474,304945688.51
2023-08-07,22.1119612,22.5764982,22.0655075,22.5764982,17312214,418044307.46
2023-08-08,22.4835908,22.92025558,22.37210192,22.6694056,16535656,404137055.69
2023-08-09,22.72515004,22.72515004,22.297776,22.44642784,14822753,357702559.48
2023-08-10,22.4835908,22.73444078,22.44642784,22.66011486,10204579,248163960.4
2023-08-11,22.50217228,22.61366116,21.91685566,21.91685566,14122155,337457217.62
2023-08-14,21.84252974,22.02834454,21.59167976,21.7403316,9942285,233082394.93
2023-08-15,21.74962234,22.16770564,21.6938779,21.89827418,11803875,278454932.75
2023-08-16,21.90756492,21.99118158,21.5545168,21.76820382,9433896,221262180.46
2023-08-17,21.6009705,21.77749456,21.37799274,21.53593532,11268920,261384577.19
2023-08-18,21.63813346,21.73104086,21.37799274,21.37799274,7816945,181167291.4
2023-08-21,21.37799274,21.59167976,21.1828872,21.1828872,12624820,289812856.1
2023-08-22,21.2293409,21.67529642,21.2293409,21.47090014,17007849,392566942.15
2023-08-23,21.51735384,21.66600568,20.96920018,21.03423536,13757886,314087699.72
2023-08-24,20.9970724,21.25721312,20.91345574,21.0899798,9613970,218582629.22
2023-08-25,20.92274648,21.17359646,20.88558352,20.97849092,12416143,280934619.48
2023-08-28,21.72175012,21.84252974,21.10856128,21.24792238,19182091,443545097.85
2023-08-29,21.1364335,21.85182048,21.1364335,21.7403316,18611223,433163750.97
2023-08-30,21.833239,22.1119612,21.74962234,21.98189084,13475615,318788590.32
2023-08-31,21.99118158,22.27919452,21.833239,22.13054268,16783645,398550905.14
2023-09-01,22.0190538,22.10267046,21.48019088,21.59167976,10732515,249717280.38
2023-09-04,21.73104086,21.9261464,21.66600568,21.89827418,14633344,343856917.75
2023-09-05,21.89827418,21.98189084,21.7403316,21.84252974,10607300,249859484.66
2023-09-06,21.70316864,21.86111122,21.61955198,21.71245938,7244428,169377137.33
2023-09-07,21.66600568,21.75891308,21.33153904,21.37799274,12141870,280904193.43
2023-09-08,21.4616094,21.5545168,21.24792238,21.368702,6901630,159007537.74
2023-09-11,21.26650386,21.67529642,21.26650386,21.51735384,13608050,315357543.54
2023-09-12,21.43373718,21.61026124,21.38728348,21.5545168,9148525,211907298.32
2023-09-13,21.56380754,21.56380754,21.06210758,21.14572424,12790121,292431430.33
2023-09-14,21.16430572,21.4616094,21.12714276,21.3222483,12429879,285187601.96
2023-09-15,21.3222483,21.4151557,20.78338538,21.4151557,36628060,834671759.22
2023-09-18,21.12714276,21.1828872,20.86700204,20.9506187,21068882,475975152.0
2023-09-19,20.9506187,21.0435261,20.74622242,21.02494462,11893884,267895282.56
2023-09-20,21.08068906,21.08068906,20.61615206,20.64402428,13419739,299444490.9
2023-09-21,20.51395392,20.78338538,20.46750022,20.46750022,16338935,361819640.21
2023-09-22,20.64402428,21.16430572,20.4860817,21.16430572,23928696,538533970.63
2023-09-25,21.3222483,21.3222483,20.97849092,21.09927054,12719771,288993743.38
2023-09-26,21.14572424,21.30366682,20.82983908,20.86700204,10195962,230400081.47
2023-09-27,20.55111688,20.96920018,20.35601134,20.47679096,19988761,442604519.02
2023-09-28,20.64402428,20.68118724,20.49537244,20.61615206,11915161,264292050.19
2023-10-09,20.61615206,20.97849092,20.50466318,20.70905946,14883827,332537922.9
2023-10-10,20.95990944,20.95990944,20.6254428,20.79267612,10701579,239284974.71
2023-10-11,20.97849092,21.17359646,20.73693168,20.74622242,18658202,420319045.05
2023-10-12,21.0435261,21.06210758,20.7648039,20.9970724,10610238,239153151.83
2023-10-13,20.7648039,20.84842056,20.46750022,20.56040762,11501593,254964679.33
2023-10-16,20.54182614,20.60686132,20.13303358,20.23523172,13418675,292367829.29
2023-10-17,20.3467206,20.6254428,20.1609058,20.56969836,9929855,219081310.12
2023-10-18,20.439628,20.7648039,20.40246504,20.74622242,15770341,350973659.7
2023-10-19,20.68118724,20.9970724,20.6254428,20.83912982,20296054,455924645.99
2023-10-20,20.8112576,20.88558352,20.42104652,20.5325354,13088621,290385622.07
2023-10-23,20.4860817,20.4860817,19.975091,20.12374284,13688456,297390241.92
2023-10-24,19.77998546,20.1144521,19.510554,20.04941692,19390842,415224235.73
2023-10-25,20.30955764,20.60686132,19.975091,20.15161506,18048247,393609671.74
2023-10-26,20.1144521,20.5789891,20.03083544,20.52324466,17477011,384529818.32
2023-10-27,20.3931743,21.02494462,20.3931743,20.94132796,13728195,307296237.08
2023-10-30,20.82983908,21.09927054,20.74622242,20.904165,10655325,239841835.46
2023-10-31,20.904165,21.05281684,20.7183502,20.9506187,11819885,265694909.17
2023-11-01,20.83912982,21.16430572,20.6254428,21.05281684,17181699,386881804.49
2023-11-02,21.2293409,21.31295756,21.00636314,21.06210758,8730197,198412204.25
2023-11-03,21.0435261,21.20146868,20.92274648,20.97849092,10773249,244214410.03
2023-11-06,21.01565388,21.368702,20.97849092,21.05281684,17094062,389293651.79
2023-11-07,21.01565388,21.10856128,20.86700204,21.01565388,8721977,196995869.88
2023-11-08,21.00636314,21.11785202,20.8577113,20.91345574,9192152,207497492.88
2023-11-09,21.0435261,21.09927054,20.82983908,21.06210758,9282095,209589056.85
2023-11-10,20.92274648,21.10856128,20.89487426,20.92274648,8225276,185882345.86
2023-11-13,20.98778166,21.09927054,20.6718965,20.73693168,13466301,301739124.63
2023-11-14,20.83912982,20.95990944,20.37459282,20.44891874,16438644,363939299.49
2023-11-15,20.5789891,21.0435261,20.49537244,20.83912982,22606132,506832871.66
2023-11-16,20.78338538,20.88558352,20.45820948,20.63473354,21627281,480284276.7
2023-11-17,20.4860817,20.70905946,20.44891874,20.6254428,14890837,329641997.3
2023-11-20,20.7183502,20.97849092,20.61615206,20.86700204,11938021,267441400.98
2023-11-21,21.02494462,21.02494462,20.63473354,20.64402428,17427774,390578578.07
2023-11-22,20.5325354,20.75551316,20.49537244,20.49537244,8870296,196407404.91
2023-11-23,20.46750022,20.69976872,20.46750022,20.66260576,10169017,225403384.15
2023-11-24,20.6254428,20.66260576,20.47679096,20.49537244,7490477,165542971.06
2023-11-27,20.44891874,20.56969836,20.3002669,20.5325354,11560351,254554617.14
2023-11-28,20.56969836,20.56969836,20.32813912,20.44891874,11186030,245697026.38
2023-11-29,20.50466318,20.50466318,20.24452246,20.3467206,10620972,232515524.8
2023-11-30,20.41175578,20.70905946,20.32813912,20.44891874,14546772,320831463.47
2023-12-01,20.44891874,20.45820948,20.0215447,20.42104652,22145409,482959898.13
2023-12-04,20.42104652,20.59757058,20.3467206,20.43033726,13287020,292405485.97
2023-12-05,20.54182614,20.54182614,20.0679984,20.0679984,14837532,324128465.03
2023-12-06,20.0215447,20.1609058,19.89147434,19.89147434,13638382,293565511.97
2023-12-07,19.87289286,19.93792804,19.6963688,19.79856694,15126825,322491711.27
2023-12-08,19.79856694,19.9286373,19.64062436,19.75211324,18910088,401926732.13
2023-12-11,18.7672948,19.85431138,18.65580592,19.80785768,21046813,439276164.55
2023-12-12,19.71495028,19.77069472,19.510554,19.70565954,11457429,242060481.87
2023-12-13,19.6963688,19.71495028,19.39906512,19.39906512,12971929,273072404.5
2023-12-14,19.39906512,19.7892762,19.3711929,19.6034614,16399693,346894669.63
2023-12-15,19.6963688,19.8357299,19.1853781,19.1853781,22381994,468199376.43
2023-12-18,19.21325032,19.5570077,18.9995633,19.36190216,17324346,361744249.52
2023-12-19,19.34332068,19.77069472,19.25041328,19.64062436,15324768,322930182.65
2023-12-20,19.49197252,19.81714842,19.49197252,19.52913548,10987861,232178075.43
2023-12-21,19.47339104,19.86360212,19.42693734,19.80785768,15467705,327342769.75
2023-12-22,19.79856694,20.12374284,19.58487992,20.05870766,17868949,383074731.04
2023-12-25,20.1144521,20.21665024,19.8821836,20.0215447,9438690,203550155.68
2023-12-26,20.0215447,20.04941692,19.77069472,19.9286373,7397009,158428148.38
2023-12-27,19.98438174,20.1609058,19.76140398,20.1144521,14231151,306305706.86
2023-12-28,20.1144521,20.40246504,20.0215447,20.32813912,17767488,388059784.87
2023-12-29,20.439628,20.75551316,20.32813912,20.73693168,25305967,559723499.96
2024-01-02,20.64402428,20.73693168,20.43033726,20.5325354,16461818,364760999.4
2024-01-03,20.5325354,20.86700204,20.44891874,20.8112576,16604748,370713980.33
2024-01-04,20.98778166,20.9970724,20.54182614,20.79267612,22272368,497255305.47
2024-01-05,20.70905946,20.92274648,20.45820948,20.61615206,18225288,406379728.4
2024-01-08,20.82983908,20.82983908,20.35601134,20.36530208,18938484,417772861.46
2024-01-09,20.5325354,20.5325354,20.08657988,20.28168542,18348858,400533162.81
2024-01-10,20.22594098,20.40246504,20.0215447,20.09587062,14152249,306921780.45
2024-01-11,20.0215447,20.15161506,19.56629844,19.6034614,19867388,423088175.77
2024-01-12,19.45480956,19.65920584,19.14821514,19.48268178,23684409,496977596.54
2024-01-15,19.33402994,19.84502064,19.33402994,19.63133362,16008800,338242027.15
2024-01-16,19.71495028,19.8357299,19.34332068,19.68707806,21713424,457215212.8
2024-01-17,19.67778732,19.73353176,19.31544846,19.31544846,22696420,477832373.42
2024-01-18,19.3247392,19.87289286,18.96240034,19.68707806,37757692,784583713.79
2024-01-19,19.58487992,19.75211324,19.38048364,19.52913548,31233287,657825196.86
2024-01-22,19.45480956,19.71495028,19.14821514,19.38977438,30191319,632609947.14
2024-01-23,19.19466884,19.50126326,18.9066559,19.0924707,28078895,578344476.24
2024-01-24,19.26899476,19.26899476,18.80445776,19.19466884,25308362,518528253.83
2024-01-25,19.2318318,19.77998546,19.0924707,19.73353176,26942518,566176861.1
2024-01-26,19.68707806,19.7892762,19.42693734,19.65920584,22494135,474383279.07
2024-01-29,19.68707806,20.0215447,19.62204288,19.87289286,23723315,508277346.79
2024-01-30,19.7892762,20.0215447,19.43622808,19.4641003,25162136,533498101.2
2024-01-31,19.6963688,19.82643916,19.38048364,19.51984474,25671749,542579427.15
2024-02-01,19.4176466,19.82643916,19.35261142,19.39906512,25127533,528831032.99
2024-02-02,19.39906512,19.51984474,18.7672948,19.1389244,23799870,493594080.21
2024-02-05,19.19466884,19.90076508,18.92523738,19.6499151,30030593,626011806.72
2024-02-06,19.4641003,20.64402428,19.43622808,20.56969836,35899489,785498569.44
2024-02-07,20.63473354,20.8577113,20.3931743,20.8577113,37109660,825080140.96
2024-02-08,20.75551316,21.3222483,20.68118724,20.87629278,34146655,770478430.63
2024-02-19,21.1828872,21.21075942,20.78338538,21.08068906,25490556,577911238.03
2024-02-20,21.0899798,21.31295756,20.93203722,21.26650386,13293062,303133734.11
2024-02-21,20.94132796,21.3222483,20.94132796,20.95990944,26169995,595129174.25
2024-02-22,20.82983908,21.2293409,20.7648039,21.14572424,16230743,367809120.54
2024-02-23,20.92274648,21.17359646,20.56040762,21.10856128,28060077,633573684.7
2024-02-26,21.10856128,21.49877236,21.02494462,21.1364335,17878872,408900041.78
2024-02-27,21.07139832,21.3222483,20.9970724,21.28508534,12302672,279998421.09
2024-02-28,21.368702,21.4151557,21.01565388,21.16430572,20668842,471628419.76
2024-02-29,21.14572424,21.57309828,21.12714276,21.53593532,19352131,446798393.81
2024-03-01,21.39657422,21.7403316,21.30366682,21.6474242,17136416,398016005.63
2024-03-04,21.6474242,22.3906834,21.63813346,22.16770564,26195727,624445013.16
2024-03-05,22.0190538,22.92954632,21.98189084,22.79018522,36405649,883150046.3
2024-03-06,22.79018522,23.66351478,22.79018522,23.23614074,39481960,990815171.93
2024-03-07,23.23614074,23.34762962,23.01316298,23.12465186,24403436,608550282.79
2024-03-08,22.92025558,23.26401296,22.75302226,23.0874889,31532701,779627812.11
2024-03-11,23.0874889,23.53344442,23.01316298,23.24543148,26216725,656245002.76
2024-03-12,23.42195554,23.44982776,22.88309262,22.91096484,25055950,625558639.52
2024-03-13,22.5764982,23.14323334,22.52075376,22.79947596,25722781,632090311.93
2024-03-14,22.86451114,22.86451114,22.4835908,22.59507968,26987483,657863584.12
2024-03-15,22.4835908,22.64153338,22.07479824,22.3906834,28718455,688717122.81
2024-03-18,22.45571858,22.9016741,22.297776,22.83663892,24930558,609635643.12
2024-03-19,22.8552204,22.9016741,22.55791672,22.60437042,16921073,413439424.63
2024-03-20,22.73444078,22.92954632,22.4835908,22.84592966,20055686,491646037.26
2024-03-21,23.0410352,23.1339426,22.77160374,22.8552204,18583650,459426811.51
2024-03-22,22.91096484,22.92025558,22.53933524,22.77160374,24159291,590872026.69
2024-03-25,22.92025558,23.00387224,22.7158593,22.81805744,16139254,397643153.93
2024-03-26,22.69727782,23.0410352,22.5764982,22.63224264,16870983,412178658.79
2024-03-27,22.65082412,22.74373152,22.37210192,22.37210192,20520987,497506601.03
2024-03-28,22.37210192,22.7158593,22.2048686,22.39997414,19474482,471728356.25
2024-03-29,22.39997414,22.7158593,22.3442297,22.61366116,9742593,237188066.01
2024-04-01,22.63224264,23.15252408,22.54862598,22.69727782,18680115,458778521.11
2024-04-02,22.66011486,22.72515004,22.36281118,22.53933524,26185530,633488873.58
2024-04-03,22.40926488,22.5300445,21.9261464,21.94472788,23848524,567665382.74
2024-04-08,21.95401862,22.65082412,21.9261464,22.17699638,26117141,627134630.8
2024-04-09,22.26990378,22.32564822,21.87040196,21.99118158,14554320,345840359.6
2024-04-10,22.0190538,22.10267046,21.75891308,21.81465752,12868477,303575523.89
2024-04-11,21.7867853,22.87380188,21.73104086,22.77160374,32581167,790065185.68
2024-04-12,22.6694056,23.2733037,22.65082412,22.9481278,29183912,724383633.77
2024-04-15,22.72515004,23.65422404,22.72515004,23.3197574,33648955,842400543.08
2024-04-16,23.14323334,23.56131664,23.00387224,23.25472222,26575417,666852780.0
2024-04-17,23.01316298,23.8772018,22.92954632,23.7378407,30488382,769854990.0
2024-04-18,23.691387,24.4346462,23.61706108,24.2023777,36956470,961296729.66
2024-04-19,23.9701092,24.19308696,23.53344442,23.70067774,24712642,633190569.85
2024-04-22,23.85862032,24.09088882,23.6449333,23.76571292,18513153,475307379.77
2024-04-23,23.7842944,23.9701092,23.33833888,23.66351478,22786434,578053146.72
2024-04-24,23.76571292,24.0630166,23.66351478,23.95152772,19361846,498045822.61
2024-04-25,23.7378407,23.90507402,23.32904814,23.39408332,18976847,479227293.37
2024-04-26,23.5055722,23.57060738,22.31635748,22.3906834,54504276,1326013321.77
2024-04-29,22.297776,22.5300445,21.8796927,21.9726001,53012375,1261824072.62
2024-04-30,21.9726001,22.1119612,21.2757946,21.87040196,56449843,1319061069.75
2024-05-06,22.30706674,22.3442297,21.30366682,21.49877236,87235636,2021824120.88
2024-05-07,21.49877236,21.82394826,21.34082978,21.58238902,40712512,946896718.37
2024-05-08,21.3222483,21.59167976,21.24792238,21.3222483,34769573,800887065.05
2024-05-09,21.31295756,21.833239,21.31295756,21.61955198,39709678,921283759.69
2024-05-10,21.61955198,21.93543714,21.35012052,21.74962234,47501804,1108631217.9
2024-05-13,21.75891308,22.6229519,21.6009705,22.50217228,76983667,1840675609.06
2024-05-14,22.50217228,22.73444078,22.1584149,22.4371371,48193811,1166559630.7
2024-05-15,22.42784636,22.6694056,21.85182048,21.8796927,30570449,727576640.48
2024-05-16,21.72175012,21.833239,21.35012052,21.37799274,49555137,1145133774.03
2024-05-17,21.368702,21.5080631,21.24792238,21.44302792,26335274,607011583.08
2024-05-20,21.44302792,21.52664458,21.0899798,21.1828872,55638283,1270350515.82
2024-05-21,21.10856128,21.1828872,20.84842056,20.91345574,34750783,783084097.7
2024-05-22,20.89487426,20.9970724,20.7648039,20.86700204,28459946,639078345.53
2024-05-23,20.8577113,20.8577113,20.5789891,20.66260576,24408130,543615368.57
2024-05-24,20.6254428,21.07139832,20.5789891,20.66260576,40391248,907354815.98
2024-05-27,20.68118724,21.48019088,20.6718965,21.368702,64724092,1480620901.68
2024-05-28,21.33153904,21.58238902,21.2757946,21.368702,35064920,808988097.88
2024-05-29,21.2757946,21.57309828,21.09927054,21.28508534,27907355,641198071.72
2024-05-30,21.368702,21.833239,21.368702,21.49877236,41924443,973591000.66
2024-05-31,21.51735384,21.56380754,20.91345574,20.91345574,47232503,1075218459.64
2024-06-03,20.8112576,21.4151557,20.69976872,21.26650386,35147189,799610398.98
2024-06-04,21.21075942,22.44642784,21.15501498,22.37210192,66963742,1586708604.28
2024-06-05,22.37210192,22.762313,22.04692602,22.12125194,47818313,1153124171.91
2024-06-06,22.0190538,22.7158593,22.0190538,22.2513223,33721139,812326450.49
2024-06-07,22.297776,22.4371371,21.9261464,22.08408898,27531870,656625801.12
2024-06-11,21.9261464,22.2513223,21.8796927,21.98189084,23224933,550653848.27
2024-06-12,22.02834454,22.18628712,21.76820382,21.9261464,25033303,591087653.8
2024-06-13,22.00976306,22.60437042,21.9261464,22.42784636,39248372,944943572.84
2024-06-14,22.5228921,23.02656859,22.25679886,22.7129587,41701110,997616760.88
2024-06-17,22.70345537,23.72981501,22.62742873,23.4732251,64599176,1596862165.09
2024-06-18,23.42570845,23.68229836,23.15011188,23.5682584,30518163,752462528.5
2024-06-19,23.5682584,23.80584165,23.17862187,23.30216516,25170511,618940448.48
2024-06-20,23.32117182,23.53024508,23.0930919,23.31166849,24592587,603774944.15
2024-06-21,23.45421844,23.54925174,22.9980586,23.34968181,29183560,713080374.93
2024-06-24,23.2831585,23.8533583,23.19762853,23.55875507,36108937,897591132.42
2024-06-25,23.54925174,23.64428504,22.92203196,23.12160189,31585377,769796522.16
2024-06-26,23.07408524,23.25464851,22.807992,23.15011188,19420021,470470328.92
2024-06-27,23.11209856,23.15011188,22.85550865,23.00756193,20846033,504705871.47
2024-06-28,23.00756193,23.9483916,22.95054195,23.72031168,41381508,1027869049.85
2024-07-01,23.69180169,23.77733166,23.33067515,23.61577505,21441416,531855501.51
2024-07-02,23.44471511,23.55875507,22.91252863,23.20713186,24844385,604991417.88
2024-07-03,23.10259523,23.22613852,22.95054195,23.13110522,13134352,319054175.67
2024-07-04,23.23564185,23.8533583,23.15011188,23.4732251,23921012,593069231.78
2024-07-05,23.49223176,23.52074175,22.87451531,23.40670179,24723435,604177215.99
2024-07-08,23.40670179,23.87236496,23.3781918,23.55875507,27935394,695564014.99
2024-07-09,23.50173509,24.02441824,23.2831585,23.9483916,29455803,734837343.38
2024-07-10,23.91988161,24.18597485,23.26415184,23.46372177,29001772,720218774.48
2024-07-11,23.41620512,23.55875507,23.0930919,23.32117182,24418671,597941413.14
2024-07-12,23.3781918,23.3781918,22.92203196,23.14060855,25651286,624497219.69
2024-07-15,23.12160189,23.22613852,22.7129587,22.95054195,23673495,571285464.85
2024-07-16,22.96004528,23.15961521,22.62742873,23.02656859,22602444,543676192.13
2024-07-17,23.02656859,23.07408524,22.54189876,23.00756193,22828834,549070203.63
2024-07-18,23.00756193,23.79633832,22.88401864,23.49223176,33599084,831450685.9
2024-07-19,23.42570845,23.63478171,22.92203196,23.5682584,37259782,914170715.14
2024-07-22,23.55875507,23.8533583,23.20713186,23.27365517,27925843,688238820.74
2024-07-23,23.3781918,23.50173509,22.63693206,22.88401864,27745190,670245198.98
2024-07-24,22.76997868,23.07408524,22.68444871,22.82699866,16556364,398054847.15
2024-07-25,22.807992,22.86501198,22.41835547,22.76997868,21025125,501254985.87
2024-07-26,22.69395204,23.27365517,22.54189876,23.17862187,23183368,562093397.17
2024-07-29,23.42570845,23.758325,23.06458191,23.19762853,23217847,571190622.63
2024-07-30,23.05507858,23.08358857,22.58941541,22.85550865,19558811,469340530.42
2024-07-31,22.76997868,23.04557525,22.36133549,22.82699866,29776630,712658064.16
2024-08-01,22.807992,23.1881252,22.57991208,22.6179254,24819536,595857400.24
2024-08-02,22.60842207,22.88401864,22.35183216,22.49438211,15673810,371908267.94
2024-08-05,22.5228921,22.807992,22.38984548,22.54189876,21814846,518207972.69
2024-08-06,22.59891874,22.7129587,22.08573892,22.36133549,26144132,613754044.86
2024-08-07,22.38034215,22.83650199,22.38034215,22.63693206,23185707,553891392.03
2024-08-08,22.53239543,22.70345537,22.19977888,22.47537545,21925699,518180049.19
2024-08-09,22.4278588,22.83650199,22.26630219,22.36133549,12349694,292033290.21
2024-08-12,22.5228921,22.66544205,22.34232883,22.36133549,10114232,238981127.01
2024-08-13,22.36133549,22.85550865,22.34232883,22.6179254,19312099,460956058.45
2024-08-14,22.77948201,22.77948201,22.19027555,22.19027555,19256158,453013427.12
2024-08-15,22.15226223,22.57040875,21.88616899,22.49438211,15839369,373144008.87
2024-08-16,22.45636879,22.57991208,22.28530885,22.45636879,16088000,379828452.11
2024-08-19,22.51338877,22.75097202,22.38034215,22.51338877,11026899,261744326.45
2024-08-20,22.64643539,22.64643539,22.06673226,22.2377922,15935713,372838318.31
2024-08-21,22.22828887,22.3328255,22.05722893,22.31381884,13108932,306733887.03
2024-08-22,22.30431551,22.83650199,22.19027555,22.7129587,18783318,447094221.51
2024-08-23,22.53239543,22.97905194,22.45636879,22.57991208,13407652,319540801.42
2024-08-26,22.57991208,22.70345537,22.28530885,22.40885214,12518111,294788964.31
2024-08-27,22.29481218,22.4278588,21.97169896,22.16176556,15359145,358007330.34
2024-08-28,22.24729553,22.47537545,21.84815567,22.1427589,17793106,413942498.93
2024-08-29,22.1427589,22.64643539,21.71510905,22.57991208,26868228,630303581.28
2024-08-30,22.46587212,23.52074175,22.46587212,23.39719846,38075699,931422688.39
2024-09-02,23.35918514,23.73931834,23.31166849,23.49223176,27099569,671298877.16
2024-09-03,23.42570845,24.20498151,23.34017848,24.08143822,27762439,699843744.02
2024-09-04,24.03392157,24.20498151,23.67279503,24.11945154,22284332,563764930.1
2024-09-05,24.16696819,24.21448484,23.55875507,23.95789493,22136314,556725828.33
2024-09-06,24.05292823,24.18597485,23.8533583,23.86286163,12574325,317534279.68
2024-09-09,24.11945154,24.1384582,23.58726506,23.89137162,27797852,698385133.03
2024-09-10,23.93888827,24.01491491,23.72981501,23.92938494,20112718,505226070.59
2024-09-11,23.91988161,24.40455144,23.86286163,24.29051148,18380213,468473620.28
2024-09-12,24.3285248,24.75617465,24.2334915,24.3285248,20698319,532612542.33
2024-09-13,24.3285248,24.69915467,24.1384582,24.55660472,16936608,436826982.12
2024-09-18,24.55660472,25.06978454,24.47107475,24.77518131,16959919,443808926.95
2024-09-19,25.06028121,25.06028121,24.2334915,24.43306143,29890562,768988573.29
2024-09-20,24.37604145,24.6136247,24.14796153,24.46157142,23666506,606246964.61
2024-09-23,24.34753146,24.73716799,24.30951814,24.36653812,11659810,299601555.18
2024-09-24,24.76567798,24.79418797,23.98640492,24.41405477,37482682,960258280.45
2024-09-25,24.81319463,25.64948767,24.49008141,25.15531451,46398021,1230923091.21
2024-09-26,25.64948767,25.658991,24.3285248,24.75617465,55381220,1441304146.76
2024-09-27,24.87971794,25.658991,23.9483916,24.82269796,42836964,1131638382.75
2024-09-30,25.31687112,26.52379403,25.05077788,26.29571411,106252330,2885969962.9
2024-10-08,28.92813652,28.92813652,26.1341575,26.5142907,119692401,3384924671.91
2024-10-09,26.25770079,27.21753712,25.59246769,25.80154095,90232262,2511209818.9
2024-10-10,25.83005094,26.59982067,25.55445437,25.77303096,69974789,1914210988.34
2024-10-11,25.8490576,25.89657425,25.05077788,25.32637445,32840639,882110747.09
2024-10-14,25.67799766,25.89657425,25.06028121,25.54495104,34782926,933559686.24
2024-10-15,25.42140775,25.50693772,24.62312803,24.65163802,40917227,1072936106.16
2024-10-16,24.47107475,24.97475124,24.24299483,24.69915467,26969657,699801678.08
2024-10-17,24.84170462,24.96524791,24.38554478,24.48057808,24798292,641616019.25
2024-10-18,24.56610805,25.39289776,24.40455144,25.05077788,35149655,922857218.74
2024-10-21,25.22183782,25.22183782,24.5185914,24.60412137,41250110,1072009124.62
2024-10-22,24.6136247,25.63998434,24.6136247,25.36438777,38218219,1017149177.31
2024-10-23,25.45942107,25.74452097,25.19332783,25.25034781,28542883,761250360.18
2024-10-24,25.34538111,25.34538111,25.04127455,25.16481784,13681304,362302106.72
2024-10-25,25.26030545,25.27940587,24.9260481,25.1170523,20472950,537426792.44
2024-10-28,25.08840167,25.79511721,24.84964642,25.75691637,33670341,897132215.84
2024-10-29,25.73781595,26.32992897,25.67096448,26.11982435,28938572,790292770.93
2024-10-30,26.0720733,26.41588086,25.46085986,25.69961511,26585685,716515107.44
2024-10-31,25.6900649,25.75691637,24.64909201,24.79234516,41988074,1094738454.08
2024-11-01,24.79234516,25.53726154,24.66819243,25.34625734,29174209,769656563.64
2024-11-04,25.4035586,25.81421763,25.23165482,25.44175944,21931331,584415577.78
2024-11-05,25.3080565,25.81421763,25.19345398,25.785567,26440596,709545803.26
2024-11-06,25.73781595,26.12937456,25.50861091,25.62321343,24034521,649222920.45
2024-11-07,25.63276364,26.13892477,25.63276364,26.03387246,23055186,625979635.4
2024-11-08,26.15802519,26.62598548,25.98612141,26.0720733,33213572,911629368.95
2024-11-11,25.64231385,26.04342267,25.63276364,25.80466742,28307607,764767835.47
2024-11-12,25.47041007,26.28217792,25.01199999,25.05975104,47752565,1270720618.96
2024-11-13,25.05975104,25.77601679,25.03110041,25.6900649,34427261,920221521.88
2024-11-14,25.47041007,25.92882015,25.17435356,25.23165482,23013253,615278574.93
2024-11-15,25.03110041,25.58501259,24.74459411,25.03110041,26045987,686194822.33
2024-11-18,25.03110041,25.46085986,24.95469873,25.13615272,20266142,536038664.45
2024-11-19,25.14570293,25.53726154,24.94514852,25.20300419,15973900,420957199.76
2024-11-20,25.22210461,25.35580755,24.94514852,25.27940587,15357993,404856899.97
2024-11-21,25.35580755,25.58501259,25.2125544,25.54681175,22760920,606479029.44
2024-11-22,25.63276364,25.64231385,24.6395418,24.64909201,27937454,732106669.0
2024-11-25,24.6395418,24.74459411,23.90417563,23.94237647,33095788,840011410.45
2024-11-26,23.875525,24.10473004,23.69407101,23.80867353,19687723,492067722.62
2024-11-27,23.80867353,23.90417563,23.48396639,23.875525,20678426,514014993.05
2024-11-28,23.89462542,23.89462542,23.40756471,23.50306681,23129428,571502018.23
2024-11-29,23.66542038,23.85642458,23.40756471,23.56991828,19322189,478498822.15
2024-12-02,23.69407101,23.69407101,23.33116303,23.53171744,27331276,672658995.32
2024-12-03,23.56036807,23.99967773,23.43621534,23.89462542,34934169,870902306.84
2024-12-04,23.875525,23.95192668,23.51261702,23.77047269,19617089,487426842.92
2024-12-05,23.6845208,23.70362122,23.42666513,23.47441618,19715712,485284633.06
2024-12-06,23.4935166,23.875525,23.42666513,23.74182206,20740560,515148483.98
2024-12-09,23.74182206,23.95192668,23.60811912,23.79912332,17784077,442730750.15
2024-12-10,24.1620313,24.29573424,23.70362122,23.78957311,28005637,703479883.31
2024-12-11,23.90417563,23.90417563,23.59856891,23.82777395,22852466,567817360.2
2024-12-12,23.74182206,23.93282626,23.63676975,23.92327605,19644128,489399896.12
2024-12-13,23.69407101,23.84687437,23.33116303,23.35981366,31522781,777731598.13
2024-12-16,23.36936387,23.71317143,22.920504,22.99690568,31457388,762753728.68
2024-12-17,22.93005421,23.63676975,22.87275295,23.40756471,25485741,623101416.61
2024-12-18,23.54126765,23.66542038,23.35026345,23.44576555,15264326,375709037.52
2024-12-19,23.42666513,24.00922794,23.23566093,23.95192668,27177087,677753454.99
2024-12-20,23.96147689,24.04742878,23.50306681,23.73227185,21964854,546846509.56
2024-12-23,23.65587017,23.98057731,23.5890187,23.60811912,19518015,485882348.19
2024-12-24,23.73227185,24.12383046,23.61766933,24.10473004,26496950,665479057.37
2024-12-25,24.10473004,24.29573424,23.7800229,23.875525,14730853,370013802.13
2024-12-26,23.88507521,24.05697899,23.66542038,23.93282626,12464739,311953724.07
2024-12-27,23.78957311,24.04742878,23.69407101,23.94237647,14578278,364592137.2
2024-12-30,23.90417563,24.33393508,23.875525,23.9710271,17339245,436942157.31
2024-12-31,23.90417563,24.27663382,23.7800229,24.08562962,30603214,771014965.36
2025-01-02,24.0665292,24.11428025,22.98735547,23.13060862,34958507,853884318.28
2025-01-03,23.06375715,23.34071324,22.71039938,22.78680106,20012527,481907684.19
2025-01-06,22.96825505,23.06375715,22.56714623,22.71994959,19349689,461225193.25
2025-01-07,22.71039938,23.06375715,22.56714623,22.68174875,17162707,409531928.46
2025-01-08,22.69129896,22.78680106,22.24243909,22.5384956,18787600,442158898.84
2025-01-09,22.49074455,22.97780526,22.29974035,22.64354791,19512873,462090962.92
2025-01-10,22.77725085,22.77725085,22.39524245,22.39524245,12794465,301761914.78
2025-01-13,22.29019014,22.55759602,22.04188468,22.1564872,16463640,383323307.85
2025-01-14,22.1564872,22.79635127,21.86043069,22.6339977,22053864,517716695.93
2025-01-15,22.5384956,22.69129896,22.17558762,22.19468804,18797470,440302925.58
2025-01-16,22.22333867,22.47164413,21.73627796,21.8699809,28536410,657614210.54
2025-01-17,21.8699809,22.22333867,21.64077586,21.93683237,23202785,534804646.31
2025-01-20,22.18513783,22.46209392,21.78402901,21.84133027,32823196,756503285.91
2025-01-21,22.01323405,22.5384956,21.89863153,22.36659182,29885895,698953510.36
2025-01-22,22.6339977,22.74860022,22.04188468,22.47164413,27015013,633602531.27
2025-01-23,22.52894539,22.64354791,21.71717754,21.81267964,41525865,959316720.09
2025-01-24,21.75537838,22.50984497,21.71717754,22.27108972,36466265,848911747.68
2025-01-27,22.28063993,22.48119434,22.04188468,22.04188468,19953829,464164956.36
2025-02-05,22.18513783,22.21378846,21.78402901,21.8699809,26950823,617358592.81
2025-02-06,21.79357922,22.03233447,21.78402901,22.02278426,29075300,667276509.91
2025-02-07,22.04188468,22.35704161,21.84133027,22.08963573,38198775,884558044.46
2025-02-10,22.10873615,22.29974035,21.965483,22.17558762,32769287,761063649.55
2025-02-11,22.17558762,22.20423825,21.88908132,22.02278426,22186212,510686444.66
2025-02-12,22.04188468,22.21378846,21.93683237,22.09918594,34893822,805148752.24
2025-02-13,22.13738678,22.29019014,21.98458342,22.01323405,32445596,752050968.93
2025-02-14,21.98458342,22.68174875,21.97503321,22.62444749,53151494,1249217915.75
2025-02-17,22.88230316,22.89185337,22.39524245,22.55759602,31337943,739598837.66
2025-02-18,22.5384956,22.80590148,22.33794119,22.4429935,24948245,590441076.75
2025-02-19,22.3474914,22.45254371,22.17558762,22.28063993,30111228,702892453.32
2025-02-20,22.28063993,22.29019014,21.97503321,22.17558762,26539547,614195971.39
2025-02-21,22.3474914,22.71039938,22.20423825,22.55759602,42365813,999132233.31
2025-02-24,22.59579686,22.66264833,22.29974035,22.41434287,32913485,772804847.56
2025-02-25,22.24243909,22.42389308,22.0609851,22.09918594,33646455,781424137.08
2025-02-26,22.0609851,22.1564872,21.91773195,22.12783657,32005738,739060644.29
2025-02-27,22.08008552,22.19468804,21.93683237,22.10873615,32461605,749814366.87
2025-02-28,22.10873615,22.95870484,22.03233447,22.39524245,60306511,1423557469.93
2025-03-03,22.50029476,22.84410232,22.4429935,22.52894539,32766651,777206078.57
2025-03-04,22.39524245,22.80590148,22.36659182,22.55759602,24132910,569030955.1
2025-03-05,22.45254371,22.71994959,22.39524245,22.42389308,26246566,619551320.9
2025-03-06,22.52894539,22.52894539,22.18513783,22.2519893,37690604,878938238.6
2025-03-07,22.21378846,22.2519893,21.84133027,21.8699809,44568169,1026653715.21
2025-03-10,21.8699809,21.89863153,21.32561893,21.38292019,54079805,1219207785.78
2025-03-11,21.1059641,21.44022145,21.1059641,21.37336998,32741284,729103305.99
2025-03-12,21.45932187,21.46887208,21.12506452,21.3924704,38175842,850608931.45
2025-03-13,21.28741809,21.59302481,21.25876746,21.3924704,30937890,694566380.79
2025-03-14,21.44022145,21.75537838,21.3924704,21.54527376,50507379,1142166614.05
2025-03-17,21.59302481,21.69807712,21.41157082,21.46887208,33275963,750626914.25
2025-03-18,21.54527376,21.65032607,21.37336998,21.44022145,27969897,628826749.28
2025-03-19,21.45932187,21.4879725,21.24921725,21.34471935,29363819,657173213.41
2025-03-20,21.30651851,21.54527376,21.19191599,21.47842229,28395085,636222477.03
2025-03-21,21.43067124,21.65032607,21.15371515,21.15371515,37008193,826761564.52
2025-03-24,21.16326536,21.42112103,21.1059641,21.24921725,27776427,618355837.63
2025-03-25,21.23966704,21.6789767,21.15371515,21.4879725,34788453,782970887.06
2025-03-26,21.44022145,21.65987628,21.27786788,21.44977166,26988341,606194499.54
2025-03-27,21.3924704,21.50707292,21.28741809,21.46887208,19226722,430788021.59
2025-03-28,21.45932187,21.52617334,21.24921725,21.32561893,23453414,524331657.36
2025-03-31,21.26831767,21.36381977,20.9149599,20.9149599,31796410,702993381.42
2025-04-01,20.89585948,21.14416494,20.74305612,21.11551431,25037610,550543946.75
2025-04-02,21.07731347,21.22056662,20.9149599,20.9149599,19401856,426989905.55
2025-04-03,20.6284536,21.41157082,20.6284536,21.32561893,41989439,931835790.21
2025-04-07,20.7239557,21.42112103,20.35149751,20.87675906,88717354,1945818307.33
2025-04-08,21.010462,22.20423825,20.9149599,22.12783657,116117868,2634002086.85
2025-04-09,22.1564872,22.88230316,21.965483,22.88230316,99436440,2343737972.68
2025-04-10,23.4935166,23.54126765,22.2519893,22.30929056,65248955,1539010280.76
2025-04-11,22.86320274,22.88230316,21.97503321,22.30929056,44675032,1041571123.48
2025-04-14,22.32839098,22.42389308,22.04188468,22.35704161,28312475,659201908.36
2025-04-15,22.39524245,22.48119434,22.18513783,22.45254371,23075594,540118972.87
2025-04-16,22.46209392,22.57669644,22.12783657,22.56714623,30400956,711190744.59
2025-04-17,22.50984497,22.5384956,22.28063993,22.5384956,21706526,508931264.62
2025-04-18,22.3474914,22.37614203,22.21378846,22.2519893,15092029,351927208.26
2025-04-21,22.16603741,22.33794119,22.0609851,22.12783657,15551620,360801463.39
2025-04-22,22.12783657,22.32839098,22.01323405,22.02278426,17164915,397924983.12
2025-04-23,22.16603741,22.16603741,21.79357922,21.8699809,23407649,537210544.97
2025-04-24,21.8699809,22.1564872,21.84133027,22.08963573,17820779,411041280.47
2025-04-25,22.1564872,22.23288888,21.82222985,21.85088048,23290781,535550746.11
2025-04-28,21.85088048,22.13738678,21.85088048,22.0609851,15480760,357006232.98
2025-04-29,21.92728216,21.965483,21.15371515,21.21101641,52989695,1182036611.64
2025-04-30,21.21101641,21.28741809,21.1059641,21.15371515,23574754,523142710.55
2025-05-06,21.13461473,21.31606872,21.03911263,21.31606872,32377764,717945779.78
2025-05-07,21.68852691,21.68852691,21.2969683,21.5834746,38832149,872584426.29
2025-05-08,21.4879725,21.92728216,21.37336998,21.88908132,30193684,688625969.81
2025-05-09,21.88908132,21.94638258,21.71717754,21.86043069,18044363,412398009.15
2025-05-12,21.92728216,22.13738678,21.76492859,21.92728216,21573682,495311471.96
2025-05-13,21.95593279,22.01323405,21.69807712,21.95593279,21062554,481345196.73
2025-05-14,21.89863153,22.0609851,21.75537838,22.00368384,19260808,441961639.7
2025-05-15,21.93683237,22.0609851,21.7744788,21.80312943,14947909,342144577.7
2025-05-16,21.7744788,21.85088048,21.53572355,21.64077586,19286997,437123889.98
2025-05-19,21.69807712,21.90818174,21.60257502,21.8699809,13419309,306663893.03
2025-05-20,21.91773195,21.94638258,21.69807712,21.88908132,19988710,456937015.74
2025-05-21,21.84133027,21.94638258,21.74582817,21.74582817,15112440,345844614.42
2025-05-22,21.71717754,22.05143489,21.71717754,22.04188468,22477686,516626384.75
2025-05-23,21.965483,22.10873615,21.44022145,21.44022145,26972000,613376375.55
2025-05-26,21.43067124,21.69807712,21.18236578,21.23966704,21448887,479261922.43
2025-05-27,21.23966704,21.32561893,21.11551431,21.11551431,15902360,353451421.15
2025-05-28,21.14416494,21.2969683,21.04866284,21.04866284,16808414,371944796.24
2025-05-29,21.11551431,21.25876746,21.010462,21.18236578,16175091,358391851.88
2025-05-30,21.11551431,21.2969683,20.88630927,21.19191599,27584205,609565800.35
2025-06-03,20.98181137,21.12506452,20.8194578,20.86720885,41870023,917124829.99
2025-06-04,20.86720885,21.00091179,20.74305612,20.87675906,40219355,879193766.82
2025-06-05,20.99136158,21.14416494,20.89585948,21.11551431,33974828,749401016.08
2025-06-06,21.14416494,21.45932187,21.03911263,21.36381977,34727227,775607634.27
2025-06-09,21.36381977,21.43067124,21.15371515,21.2969683,26791527,597091928.39
2025-06-10,21.30651851,21.38292019,21.1059641,21.18236578,26964021,599487960.87
2025-06-11,21.18236578,21.33516914,21.13461473,21.26831767,27467131,611377179.2
2025-06-12,21.27786788,21.56437418,21.23011683,21.38292019,22413723,502492147.09
2025-06-13,21.38292019,21.4879725,21.30651851,21.37336998,22935623,514200301.39
2025-06-16,21.34471935,21.47842229,21.16326536,21.44022145,22218633,496823713.69
2025-06-17,21.44022145,21.54527376,21.37336998,21.52617334,17883639,402170518.13
2025-06-18,21.4879725,21.76492859,21.47842229,21.56437418,21167333,479389614.78
2025-06-19,21.52617334,21.73627796,21.34471935,21.46887208,38874991,878179829.4
2025-06-20,21.59302481,21.89863153,21.47842229,21.79357922,29590175,672870638.35
2025-06-23,21.6789767,21.80312943,21.38292019,21.73627796,22339518,504472626.37
2025-06-24,21.74582817,21.80312943,21.53572355,21.60257502,29100260,660272825.68
2025-06-25,21.60257502,21.87953111,21.45932187,21.80312943,26175190,594709476.99
2025-06-26,21.74582817,21.89863153,21.70762733,21.70762733,21677656,494871601.85
2025-06-27,21.77576332,21.78549768,21.58107612,21.66868536,20841676,464455391.56
2025-06-30,21.7076228,21.86337256,21.59081048,21.81470076,23565288,526288814.76
2025-07-01,21.82443512,21.83416948,21.59081048,21.62001356,20887891,465014483.69
2025-07-02,21.6102792,21.67841972,21.47399816,21.59081048,16682085,369524163.14
2025-07-03,21.52266996,21.59081048,21.415592,21.48373252,20402049,450040141.65
2025-07-04,21.47399816,21.5616074,21.38638892,21.44479508,17367584,383166471.01
2025-07-07,21.49346688,21.63948228,21.45452944,21.57134176,17331616,383488583.79
2025-07-08,21.6102792,21.67841972,21.4642638,21.50320124,34006220,752793094.3
2025-07-09,21.50320124,21.60054484,21.44479508,21.50320124,23883318,528172315.81
2025-07-10,21.50320124,21.58107612,21.28904532,21.28904532,41183591,905147788.79
2025-07-11,21.3182484,21.42532636,21.25984224,21.27931096,41137300,901739973.04
2025-07-14,21.28904532,21.44479508,21.25010788,21.2695766,36077460,790101824.22
2025-07-15,21.30851404,21.3669202,21.14302992,21.24037352,25483058,556083103.78
2025-07-16,21.2209048,21.24037352,21.13329556,21.13329556,23898100,519473477.38
2025-07-17,21.172233,21.3182484,21.1235612,21.3182484,21553702,470106394.49
2025-07-18,21.3182484,21.33771712,21.09435812,21.21117044,34169380,744964548.35
2025-07-21,22.1943408,22.46690288,21.86337256,22.32088748,200404686,4560960168.89
2025-07-22,22.65185572,23.35272964,22.01912232,23.01202704,215002278,5006640496.51
2025-07-23,23.35272964,23.35272964,21.93151308,22.0483254,185229139,4260202654.71
2025-07-24,21.90231,21.9509818,21.658951,21.84390384,86775115,1944110248.68
2025-07-25,21.79523204,21.97045052,21.62974792,21.62974792,62614335,1397945810.19
2025-07-28,21.67841972,21.7076228,21.53240432,21.55187304,47837512,1061221462.17
2025-07-29,21.50320124,21.57134176,21.38638892,21.5129356,50204260,1107106120.7
2025-07-30,21.5129356,21.57134176,21.37665456,21.415592,44950501,991386868.24
2025-07-31,21.38638892,21.44479508,21.28904532,21.29877968,44601547,977725028.43
2025-08-01,21.33771712,21.33771712,21.14302992,21.2209048,40408923,880869038.07
2025-08-04,21.15276428,21.30851404,21.1235612,21.30851404,25913858,565014245.29
2025-08-05,21.3182484,21.35718584,21.2209048,21.33771712,28032015,613267731.42
2025-08-06,21.32798276,21.38638892,21.24037352,21.37665456,24324920,533418548.92
2025-08-07,21.38638892,21.55187304,21.33771712,21.5129356,38382093,846164713.64
2025-08-08,21.5129356,21.54213868,21.415592,21.49346688,33405136,737333159.68
2025-08-11,21.50320124,21.5129356,21.39612328,21.42532636,34668720,763321497.99
2025-08-12,21.40585764,21.43506072,21.32798276,21.34745148,29589014,649368872.3
2025-08-13,21.34745148,21.38638892,21.2695766,21.28904532,46772567,1023921813.22
2025-08-14,21.29877968,21.38638892,21.18196736,21.20143608,41798821,914212648.0
2025-08-15,21.13329556,21.29877968,21.13329556,21.21117044,40069400,874236536.63
2025-08-18,21.21117044,21.44479508,21.18196736,21.21117044,79614558,1741702877.55
2025-08-19,21.25984224,21.39612328,21.2209048,21.23063916,46235172,1010833421.08
2025-08-20,21.23063916,21.24037352,21.13329556,21.23063916,50832478,1106025205.02
2025-08-21,21.25984224,21.40585764,21.25010788,21.37665456,64884824,1422693066.74
2025-08-22,21.3669202,21.3669202,21.172233,21.27931096,76683929,1672674267.22
2025-08-25,21.33771712,21.74656024,21.32798276,21.68815408,110999531,2462489602.02
2025-08-26,21.74656024,21.90231,21.58107612,21.7562946,65062330,1454218215.59
2025-08-27,21.78549768,21.8536382,21.415592,21.415592,82032024,1824630526.99
2025-08-28,21.42532636,21.68815408,21.2695766,21.50320124,79471423,1755105810.12
2025-08-29,21.50320124,21.6102792,21.15276428,21.172233,122725052,2691770181.17
2025-09-01,21.25010788,21.28904532,21.00674888,21.0262176,86842230,1882963350.42
2025-09-02,21.03595196,21.20143608,20.93860836,21.11382684,58573211,1268001025.62
2025-09-03,21.11382684,21.15276428,20.685515,20.81206168,86208398,1845119329.71
2025-09-04,20.64657756,20.89967092,20.52003088,20.7341868,86808753,1844481112.81
2025-09-05,20.55896832,20.90940528,20.55896832,20.86073348,50548643,1079282726.69
2025-09-08,20.91913964,21.68815408,20.87046784,21.658951,127980184,2811950587.81
2025-09-09,21.62974792,21.7076228,21.4642638,21.62974792,74595619,1654277311.88
2025-09-10,21.63948228,21.68815408,21.415592,21.62001356,59004545,1308765526.89
2025-09-11,21.62001356,21.84390384,21.5616074,21.81470076,83342872,1862139041.04
2025-09-12,21.79523204,21.8536382,21.62974792,21.64921664,45229452,1009619171.08
2025-09-15,21.658951,22.0483254,21.658951,21.84390384,59217698,1332051125.03
2025-09-16,21.83416948,21.84390384,21.42532636,21.58107612,43563501,966408370.51
2025-09-17,21.55187304,21.84390384,21.55187304,21.82443512,48720578,1087159206.43
2025-09-18,21.8536382,21.98991924,21.62001356,21.69788844,57267157,1281085734.51
2025-09-19,21.69788844,21.9509818,21.52266996,21.7076228,80855417,1805409086.73
2025-09-22,21.71735716,21.93151308,21.62001356,21.72709152,41307480,922839286.58
2025-09-23,21.78549768,21.93151308,21.4642638,21.72709152,59085574,1316536930.96
2025-09-24,21.69788844,21.69788844,21.48373252,21.63948228,39012087,864832157.16
2025-09-25,21.62974792,22.0483254,21.57134176,21.9996536,72307689,1621879627.68
2025-09-26,22.08726284,22.52530904,21.98018488,22.23327824,83239905,1900149752.86
2025-09-29,22.23327824,22.2916844,21.79523204,22.08726284,64610218,1460339377.7
2025-09-30,22.146079,22.6360365,22.0676858,22.4988484,83077657,1902578394.23
2025-10-09,22.8320195,23.0084042,22.538045,22.9104127,96825109,2257455371.61
2025-10-10,22.9104127,23.3611736,22.76342545,23.05739995,85036577,2004891299.53
2025-10-13,22.5576433,23.09659655,22.5184467,23.01820335,71406980,1666926750.32
2025-10-14,23.125994,23.4983617,22.8712161,23.05739995,78108645,1845740715.25
2025-10-15,22.9692076,23.2631821,22.7144297,23.21418635,62613371,1468495133.4
2025-10-16,23.5571566,23.6551481,23.09659655,23.4199685,85709375,2048078442.59
2025-10-17,23.25338295,23.35137445,22.538045,22.54784415,73649697,1713302152.39
2025-10-20,22.734028,22.95940845,22.50864755,22.66543395,41156506,953301043.44
2025-10-21,22.68503225,23.125994,22.538045,22.9888059,45150230,1056948166.64
2025-10-22,22.97900675,22.97900675,22.5184467,22.54784415,37396520,863145775.18
2025-10-23,22.4400535,22.58704075,22.1656773,22.54784415,38768389,884006233.12
2025-10-24,22.6164382,22.8320195,22.56744245,22.6556348,28661948,663179848.02
2025-10-27,22.78302375,23.25338295,22.78302375,23.07699825,45677726,1074986124.19
2025-10-28,22.9888059,23.15539145,22.88101525,23.0476008,38867374,912859580.51
2025-10-29,23.0476008,24.48807585,22.9888059,24.42928095,110219764,2692088821.3
2025-10-30,24.4782767,24.497875,23.713943,23.8511311,67206090,1650427541.84
2025-10-31,23.9295243,24.5566699,23.70414385,23.74334045,68446731,1677645158.36
2025-11-03,23.78253705,24.01771665,23.4395668,23.9883192,55738586,1355415033.05
2025-11-04,24.03731495,24.48807585,23.6551481,23.68454555,54852475,1345687193.14
2025-11-05,23.48856255,24.64486225,23.2827804,24.23329795,110071106,2706770336.91
2025-11-06,24.4390801,25.33080275,24.4390801,24.84084525,136198264,3468929912.67
2025-11-07,24.78205035,25.3406019,24.497875,24.64486225,87010434,2203254917.26
2025-11-10,24.89964015,24.95843505,24.3802852,24.54687075,62149040,1557246783.09
2025-11-11,24.82124695,25.0466274,24.3998835,24.50767415,60145556,1510714487.38
2025-11-12,24.4390801,24.46847755,23.3807719,23.6159515,76979163,1866554077.88
2025-11-13,23.54735745,23.95892175,23.4003702,23.909926,50120207,1213227354.64
2025-11-14,23.7923362,23.7923362,23.3023787,23.321977,46433880,1112167746.55
2025-11-17,23.29257955,23.37097275,22.93981015,23.21418635,39658144,935440831.95
2025-11-18,23.21418635,23.21418635,22.68503225,22.80262205,34607606,808313853.01
2025-11-19,22.7732246,22.90061355,22.54784415,22.6164382,31241742,723164907.94
2025-11-20,22.6556348,22.7928229,22.29306625,22.33226285,40070817,920159963.97
2025-11-21,22.15587815,22.2832671,21.78351045,21.7933096,49603721,1110836003.34
2025-11-24,22.01869005,22.07748495,21.6561215,21.70511725,41140954,913896481.84
2025-11-25,21.7933096,21.9696943,21.7149164,21.74431385,46199742,1028727233.38
2025-11-26,21.7149164,21.80310875,21.58752745,21.6757198,33435409,740070613.18
2025-11-27,21.6953181,21.82270705,21.6169249,21.64632235,34180917,757864234.69
2025-11-28,21.6365232,21.7933096,21.5385317,21.7149164,37394988,827509290.9
2025-12-01,21.82270705,21.9892926,21.7933096,21.92069855,40263384,898834575.56
2025-12-02,21.92069855,21.9696943,21.7737113,21.8717028,27910721,622976247.06
2025-12-03,21.88150195,21.9108994,21.68551895,21.8325062,30418987,677055591.96
2025-12-04,21.84230535,22.11668155,21.80310875,21.95989515,33601269,753199059.81
2025-12-05,21.9696943,22.2832671,21.8521045,22.2440705,44919555,1012312462.47
2025-12-08,22.29306625,22.4792501,22.21467305,22.27346795,36703838,835458405.27
2025-12-09,22.27346795,22.27346795,21.97949345,22.01869005,28398128,640690959.0
2025-12-10,21.99909175,22.1852756,21.88150195,22.1656773,23588225,530870066.78
2025-12-11,22.15587815,22.66543395,22.146079,22.2636688,39102062,893004239.03
2025-12-12,22.2636688,22.8320195,22.21467305,22.7536263,55757020,1286353022.6
2025-12-15,22.8320195,22.99860505,22.538045,22.5576433,44761190,1038363990.61
2025-12-16,22.48904925,22.5576433,22.2244722,22.3812586,33891256,772893814.31
2025-12-17,22.27346795,22.6360365,22.2244722,22.5968399,33492337,766950524.77
2025-12-18,22.4596518,22.52824585,22.342062,22.4400535,23192737,530613294.34
2025-12-19,22.4400535,22.6360365,22.3616603,22.3812586,31517822,722139270.57
2025-12-22,22.29306625,22.56744245,22.29306625,22.4988484,28974109,664069080.75
2025-12-23,22.4988484,22.58704075,22.27346795,22.538045,29177603,668226451.36
2025-12-24,22.48904925,22.6752331,22.29306625,22.58704075,27087869,622920109.13
2025-12-25,22.5576433,22.62623735,22.43025435,22.48904925,22576030,518456349.59
2025-12-26,22.46945095,22.54784415,22.25386965,22.31266455,33808563,773219423.78
2025-12-29,22.342062,22.50864755,22.2244722,22.2832671,41589403,947654064.58
2025-12-30,22.19507475,22.3616603,22.0872841,22.1264807,30706000,694867761.08
2025-12-31,22.146079,22.1656773,21.95989515,22.0284892,24595431,553094798.29
2026-01-05,22.1264807,22.7928229,22.1264807,22.68503225,62243843,1436637573.34
2026-01-06,22.76342545,23.0280025,22.58704075,22.9888059,44219782,1030873188.63
2026-01-07,23.0280025,23.37097275,22.9104127,23.0084042,46092147,1087947629.1
2026-01-08,23.0084042,23.37097275,22.86141695,23.13579315,37476695,885408662.6
2026-01-09,23.11619485,23.44936595,23.0476008,23.2043872,41159576,977943788.65
2026-01-12,23.25338295,23.4591651,23.0867974,23.27298125,66025738,1567364140.59
2026-01-13,23.321977,24.3410886,22.8908144,23.909926,155628610,3758050081.62
2026-01-14,23.91972515,23.97852005,23.07699825,23.2435838,136116235,3273623023.64
2026-01-15,23.2043872,23.6943447,23.1063957,23.321977,92155349,2198829020.05
2026-01-16,25.13481975,25.27200785,23.7531396,23.909926,301809553,7560255374.77
2026-01-19,24.3802852,26.3009186,24.37048605,25.673773,334501661,8758631984.6
2026-01-20,25.869756,26.3597135,25.3993968,25.72276875,311547600,8218468530.96
2026-01-21,25.62477725,25.84035855,24.99763165,25.1250206,187548749,4840949125.2
2026-01-22,25.33080275,25.64437555,24.62526395,24.7918495,123221692,3137254347.15
2026-01-23,24.80164865,25.2426104,24.70365715,24.9094393,131939069,3355651123.11
2026-01-26,25.03682825,25.82076025,25.03682825,25.31120445,160321067,4167459031.01
2026-01-27,25.21321295,25.281807,24.7134563,24.8702427,111649488,2841656175.29
2026-01-28,24.95843505,25.50718745,24.89964015,24.99763165,114191218,2933980802.48
2026-01-29,24.93883675,25.01722995,24.33128945,24.6154648,115005629,2884766337.9
2026-01-30,24.50767415,24.82124695,24.05691325,24.693858,96133729,2404527306.29
2026-02-02,24.9878325,25.56598235,24.80164865,24.9682342,144938018,3721454489.58
2026-02-03,25.11522145,25.4385934,24.7722512,25.4189951,100586837,2582580091.82
2026-02-04,25.281807,25.64437555,25.0466274,25.35040105,66344241,1712708001.87
2026-02-05,25.15441805,25.3014053,24.5762682,24.7330546,75494612,1908208855.22
2026-02-06,24.58606735,24.889841,24.40968265,24.70365715,52461221,1323831567.83
2026-02-09,24.9094393,25.1250206,24.66446055,25.05642655,63339375,1608758907.0
2026-02-10,25.05642655,25.281807,24.7918495,25.23281125,61421624,1573982228.9
2026-02-11,25.2230121,25.52678575,25.085824,25.2622087,57442976,1481437506.92
2026-02-12,25.6541747,26.2225254,25.11522145,25.9677475,131948131,3468528228.3
2026-02-13,25.84035855,25.84035855,25.31120445,25.60517895,69567113,1817573639.79
2026-02-24,25.8501577,26.5164999,25.7913628,26.3205169,87747669,2352838367.74
2026-02-25,26.3401152,26.849671,26.13433305,26.4381067,103040765,2773777491.77
2026-02-26,26.42830755,27.09464975,26.1833288,26.8888676,88491568,2420809165.24
2026-02-27,26.6928846,26.9868591,26.48710245,26.7516795,68883906,1878364527.39
2026-03-02,26.4969016,28.1039622,26.46750415,27.76099195,143387713,4047190663.18
2026-03-03,27.78059025,27.95697495,26.9476625,27.1436455,114398746,3187273579.69
2026-03-04,26.64388885,28.3195435,26.58509395,28.025569,131448907,3736162325.25
2026-03-05,28.36853925,29.3582534,28.15295795,28.91729165,178972221,5253818099.27
2026-03-06,28.6331163,30.11278795,28.50572735,29.40724915,160674149,4805763896.05
2026-03-09,29.6718262,31.4160749,29.66202705,30.8869208,212526473,6625141368.69
2026-03-10,30.377365,30.77913015,29.9266041,30.181382,169277775,5231485636.73
2026-03-11,30.181382,30.72033525,29.4170483,30.0833905,165703449,5078067250.73
2026-03-12,29.89720665,30.1617837,29.25046275,29.6130313,136855488,4131520626.45
2026-03-13,29.39745,29.5738347,28.5155265,28.62331715,139643162,4122582255.04
2026-03-16,28.6331163,28.8878942,28.025569,28.1235605,102719932,2959292373.52
2026-03-17,28.32934265,28.50572735,27.48661575,27.5160132,105815954,3022826936.38
2026-03-18,27.5356115,27.87858175,27.19264125,27.66300045,91655953,2573040968.38
2026-03-19,27.36902595,27.5748081,27.1240472,27.25143615,72079841,2011076952.81
2026-03-20,27.4180217,27.52581235,26.7908761,26.849671,85150752,2355752948.65
2026-03-23,26.457705,27.27103445,26.33031605,26.54589735,111305463,3037632563.93
2026-03-24,26.8692693,26.9476625,25.9677475,26.4381067,83730823,2251675464.43
2026-03-25,26.54589735,27.21223955,26.54589735,26.9672608,89294391,2454497754.84
2026-03-26,27.13384635,27.1436455,26.36951265,26.44790585,61904219,1683851515.83
2026-03-27,26.17352965,26.80067525,26.13433305,26.58509395,53731661,1456926236.66
2026-03-30,26.261722,26.33031605,25.6933713,26.09513645,63091923,1674487858.65
2026-03-31,26.1245339,26.31071775,25.46799085,25.46799085,64987179,1711993369.55
2026-04-01,25.82076025,25.91875175,25.62477725,25.8893543,54015212,1420320495.34
2026-04-02,25.91875175,26.1245339,25.3993968,25.56598235,53972823,1417110873.69
2026-04-03,25.56598235,26.1637305,25.38959765,25.47779,59716193,1569029863.02
2026-04-07,25.44839255,25.46799085,24.93883675,25.0270291,53210252,1362742219.48
2026-04-08,25.47779,26.07553815,25.47779,26.0461407,83300042,2201506595.84
2026-04-09,25.91875175,25.91875175,25.33080275,25.4385934,65467579,1701375653.18
2026-04-10,25.58558065,26.0461407,25.52678575,25.8305594,60710220,1602731383.17
2026-04-13,25.47779,25.47779,25.0466274,25.36999935,68331800,1763271328.05
2026-04-14,25.62477725,25.72276875,25.31120445,25.64437555,58652801,1525242636.48
2026-04-15,25.84035855,26.76147865,25.80116195,26.3205169,130686319,3520362036.6
2026-04-16,26.457705,26.5164999,25.87955515,26.33031605,84556432,2262505636.9
2026-04-17,26.3989101,26.5360982,26.09513645,26.27152115,71154137,1907021037.76
2026-04-20,26.3205169,26.7516795,26.13433305,26.6928846,100772964,2719433114.45
2026-04-21,26.74188035,26.80067525,26.3597135,26.48710245,67187380,1817522923.09
2026-04-22,26.5164999,26.7712778,26.3009186,26.46750415,99119692,2682614644.14
2026-04-23,26.653688,26.91826505,26.065739,26.40870925,99598162,2692034989.48
2026-04-24,26.29111945,26.5948931,25.99714495,26.0069441,66678788,1779770261.24
2026-04-27,25.9873458,25.9873458,25.64437555,25.70317045,56543790,1485962663.09
2026-04-28,25.62477725,25.82076025,25.3406019,25.54638405,64408364,1678306992.89
2026-04-29,25.7325679,26.1049356,25.7129696,26.0853373,86431328,2285789339.29
2026-04-30,26.05593985,26.05593985,25.38959765,25.44839255,97852463,2547873128.24
2026-05-06,25.46799085,26.0265424,25.46799085,25.6933713,133987112,3513970321.41
2026-05-07,25.76196535,25.93835005,25.5365849,25.9089526,111444741,2924897638.29
2026-05-08,25.9677475,25.97754665,25.3602002,25.5561832,109511942,2853813585.36
2026-05-11,25.68357215,27.2612353,25.673773,26.31071775,245722533,6648064943.04
2026-05-12,26.3205169,26.8104744,26.1637305,26.3597135,178898014,4831418753.71
2026-05-13,26.34991435,27.829586,26.3205169,27.4572183,247854979,6884544609.98
2026-05-14,27.83938515,27.9079792,26.7124829,26.72228205,185762343,5166488084.45
2026-05-15,26.7320812,26.99665825,25.8109611,25.9481492,147833738,3939978834.76
2026-05-18,25.9285509,26.1637305,25.673773,25.95794835,81067115,2145889712.53
2026-05-19,25.97754665,26.5948931,25.7717645,26.42830755,108439302,2897183445.61
2026-05-20,26.4381067,26.6928846,25.9285509,25.99714495,89405638,2384890267.81
2026-05-21,25.9873458,26.1245339,25.11522145,25.1446189,119694959,3122081544.54
2026-05-22,25.1446189,25.3993968,24.99763165,25.31120445,60740230,1565761452.87
2026-05-25,25.62477725,26.15393135,25.62477725,25.7325679,84292308,2222017796.52
2026-05-26,25.74236705,25.7717645,24.76245205,24.9682342,105487341,2700529288.65
2026-05-27,24.97803335,25.1838155,24.497875,25.05642655,104368842,2641063155.47
2026-05-28,25.0662257,25.07602485,24.42928095,24.5958665,80011644,2012346063.73
2026-05-29,24.60566565,24.7526529,24.2039005,24.3998835,78816141,1968882196.95
2026-06-01,24.4586784,24.9486359,24.4194818,24.7134563,94146752,2369917653.76
2026-06-02,24.72325545,24.74285375,24.0079175,24.1451056,90389306,2228578646.45
2026-06-03,23.95892175,23.9883192,23.5767549,23.76293875,84399284,2042764810.68
2026-06-04,23.713943,23.713943,23.2435838,23.321977,81987591,1956918367.35
2026-06-05,23.0867974,23.3415753,22.9496093,22.97900675,67817130,1599840450.74
2026-06-08,22.56744245,22.86141695,22.2048739,22.4008569,74712327,1716826576.69
2026-06-09,22.538045,22.62623735,22.17547645,22.5772416,53748133,1228870383.8
2026-06-10,22.342062,22.4008569,22.09708325,22.2244722,49329988,1118843507.61
2026-06-11,22.19507475,22.60663905,22.146079,22.39105775,52953793,1208529105.13
2026-06-12,22.58704075,22.8908144,22.39105775,22.7732246,70418480,1630624940.18
2026-06-15,23.01820335,23.321977,22.84181865,22.9888059,65476572,1540166291.91
2026-06-16,23.0280025,23.19458805,22.8124212,23.0671991,60651577,1426824275.08
2026-06-17,23.0671991,23.0867974,22.6556348,22.8516178,62670398,1456848561.09
2026-06-18,22.8320195,22.90061355,22.50864755,22.5968399,60888211,1408490849.47
2026-06-22,22.7144297,23.4787634,22.4400535,23.46896425,109557734,2578201664.37
2026-06-23,23.46896425,23.46896425,22.5968399,22.70463055,80770614,1895953184.2
2026-06-24,23.09659655,23.1063957,22.4400535,22.48904925,60155705,1388193587.53
2026-06-25,22.4204552,22.56744245,22.2244722,22.37145945,61778533,1409960654.36
2026-06-26,22.68503225,22.80262205,22.15587815,22.2832671,66808409,1527325598.3
2026-06-29,22.2440705,23.0084042,22.146079,22.930011,82014100,1901646286.8
2026-06-30,23.03,23.03,22.56,22.85,57313681,1305721149.2
2026-07-01,22.87,22.93,22.37,22.67,69809308,1578625774.53
2026-07-02,22.62,22.92,22.54,22.67,57777780,1313526540.55
2026-07-03,22.68,23.11,22.66,22.89,58409406,1337805044.61
2026-07-06,22.93,23.3,22.77,23.16,60536313,1400463147.8
2026-07-07,23.2,23.28,22.72,22.79,45359152,1037692403.02
2026-07-08,22.71,22.78,22.48,22.51,35785342,807865763.49
2026-07-09,22.4,22.45,21.26,21.68,111000952,2407189159.87
2026-07-10,21.74,22.29,21.53,22.04,70265588,1546334060.74
2026-07-13,22.04,22.08,21.61,21.7,53045986,1154198253.38
2026-07-14,21.72,22.0,21.42,21.99,42757200,928456199.11
2026-07-15,21.93,22.29,21.82,22.16,36652002,810327204.12
2026-07-16,22.05,22.22,21.9,22.1,34549510,762569886.37
2026-07-17,22.05,22.61,22.02,22.19,87903577,1965331271.03
2026-07-20,22.43,23.57,22.42,23.56,160496760,3719779539.08
2026-07-21,23.6,23.93,23.23,23.8,134540206,3181526220.59
2026-07-22,23.66,23.8,23.3,23.75,73843937,1737922531.17
2026-07-23,23.75,24.5,23.43,24.37,124013806,2990209216.67
2026-07-24,24.19,24.37,23.54,23.58,88639842,2114543680.84
2026-07-27,24.28,24.37,23.6,23.9,55306496,1319362903.21
2026-07-28,23.67,23.76,23.38,23.56,50469390,1186005485.52
2026-07-29,23.9,24.05,23.5,23.93,58984274,1407424444.41
2026-07-30,23.88,24.36,23.8,24.32,75921057,1828389776.03
2026-07-31,23.99,24.42,23.93,24.35,61604499,1491947000.9
2026-08-03,24.48,25.09,24.46,25.07,99005382,2465218734.4
2026-08-04,25.21,25.34,24.72,24.97,74154289,1849642554.98
2026-08-05,24.9,24.9,24.41,24.54,79591264,1954953360.64
2026-08-06,24.45,24.47,23.98,24.17,67923633,1640132576.7
2026-08-07,24.14,24.19,23.91,24.12,52439714,1260410300.94
