,equity
2023-01-02,1.0
2023-01-03,1.0
2023-01-04,1.0
2023-01-05,1.0
2023-01-06,0.9750845564262806
2023-01-09,0.9750845564262806
2023-01-10,0.9750845564262806
2023-01-11,0.9750845564262806
2023-01-12,0.9750845564262806
2023-01-13,1.0261074355571291
2023-01-16,1.0261074355571291
2023-01-17,1.0261074355571291
2023-01-18,1.0261074355571291
2023-01-19,1.0261074355571291
2023-01-20,1.033151126395427
2023-01-23,1.033151126395427
2023-01-24,1.033151126395427
2023-01-25,1.033151126395427
2023-01-26,1.033151126395427
2023-01-27,1.0381602209130927
2023-01-30,1.0381602209130927
2023-01-31,1.0381602209130927
2023-02-01,1.0381602209130927
2023-02-02,1.0381602209130927
2023-02-03,1.1780009910773508
2023-02-06,1.1780009910773508
2023-02-07,1.1780009910773508
2023-02-08,1.1780009910773508
2023-02-09,1.1780009910773508
2023-02-10,1.1271971110818362
2023-02-13,1.1271971110818362
2023-02-14,1.1271971110818362
2023-02-15,1.1271971110818362
2023-02-16,1.1271971110818362
2023-02-17,1.158113583727632
2023-02-20,1.158113583727632
2023-02-21,1.158113583727632
2023-02-22,1.158113583727632
2023-02-23,1.158113583727632
2023-02-24,1.1804748694520286
2023-02-27,1.1804748694520286
2023-02-28,1.1804748694520286
2023-03-01,1.1804748694520286
2023-03-02,1.1804748694520286
2023-03-03,1.1470767797279895
2023-03-06,1.1470767797279895
2023-03-07,1.1470767797279895
2023-03-08,1.1470767797279895
2023-03-09,1.1470767797279895
2023-03-10,1.1569719541363745
2023-03-13,1.1569719541363745
2023-03-14,1.1569719541363745
2023-03-15,1.1569719541363745
2023-03-16,1.1569719541363745
2023-03-17,1.4798223243134174
2023-03-20,1.4798223243134174
2023-03-21,1.4798223243134174
2023-03-22,1.4798223243134174
2023-03-23,1.4798223243134174
2023-03-24,1.660066497945888
2023-03-27,1.660066497945888
2023-03-28,1.660066497945888
2023-03-29,1.660066497945888
2023-03-30,1.660066497945888
2023-03-31,2.0681251585829186
2023-04-03,2.0681251585829186
2023-04-04,2.0681251585829186
2023-04-05,2.0681251585829186
2023-04-06,2.0681251585829186
2023-04-07,1.9527347451733166
2023-04-10,1.9527347451733166
2023-04-11,1.9527347451733166
2023-04-12,1.9527347451733166
2023-04-13,1.9527347451733166
2023-04-14,2.2239508018295124
2023-04-17,2.2239508018295124
2023-04-18,2.2239508018295124
2023-04-19,2.2239508018295124
2023-04-20,2.2239508018295124
2023-04-21,2.2210424210693764
2023-04-24,2.2210424210693764
2023-04-25,2.2210424210693764
2023-04-26,2.2210424210693764
2023-04-27,2.2210424210693764
2023-04-28,1.9496953869654388
2023-05-01,1.9496953869654388
2023-05-02,1.9496953869654388
2023-05-03,1.9496953869654388
2023-05-04,1.9496953869654388
2023-05-05,1.9567622276896015
2023-05-08,1.9567622276896015
2023-05-09,1.9567622276896015
2023-05-10,1.9567622276896015
2023-05-11,1.9567622276896015
2023-05-12,2.252624387485511
2023-05-15,2.252624387485511
2023-05-16,2.252624387485511
2023-05-17,2.252624387485511
2023-05-18,2.252624387485511
2023-05-19,2.5397485735528775
2023-05-22,2.5397485735528775
2023-05-23,2.5397485735528775
2023-05-24,2.5397485735528775
2023-05-25,2.5397485735528775
2023-05-26,2.851623797738281
2023-05-29,2.851623797738281
2023-05-30,2.851623797738281
2023-05-31,2.851623797738281
2023-06-01,2.851623797738281
2023-06-02,2.906468295428734
2023-06-05,2.906468295428734
2023-06-06,2.906468295428734
2023-06-07,2.906468295428734
2023-06-08,2.906468295428734
2023-06-09,3.5160724247131623
2023-06-12,3.5160724247131623
2023-06-13,3.5160724247131623
2023-06-14,3.5160724247131623
2023-06-15,3.5160724247131623
2023-06-16,3.462619132649475
2023-06-19,3.462619132649475
2023-06-20,3.462619132649475
2023-06-21,3.462619132649475
2023-06-22,3.462619132649475
2023-06-23,3.0443496110638595
2023-06-26,3.0443496110638595
2023-06-27,3.0443496110638595
2023-06-28,3.0443496110638595
2023-06-29,3.0443496110638595
2023-06-30,3.1428789259593786
2023-07-03,3.1428789259593786
2023-07-04,3.1428789259593786
2023-07-05,3.1428789259593786
2023-07-06,3.1428789259593786
2023-07-07,3.0717049766646696
2023-07-10,3.0717049766646696
2023-07-11,3.0717049766646696
2023-07-12,3.0717049766646696
2023-07-13,3.0717049766646696
2023-07-14,2.6532722208809805
2023-07-17,2.6532722208809805
2023-07-18,2.6532722208809805
2023-07-19,2.6532722208809805
2023-07-20,2.6532722208809805
2023-07-21,2.5719802033722785
2023-07-24,2.5719802033722785
2023-07-25,2.5719802033722785
2023-07-26,2.5719802033722785
2023-07-27,2.5719802033722785
2023-07-28,2.6323667413797716
2023-07-31,2.6323667413797716
2023-08-01,2.6323667413797716
2023-08-02,2.6323667413797716
2023-08-03,2.6323667413797716
2023-08-04,2.349734491157614
2023-08-07,2.349734491157614
2023-08-08,2.349734491157614
2023-08-09,2.349734491157614
2023-08-10,2.349734491157614
2023-08-11,2.1986900297812593
2023-08-14,2.1986900297812593
2023-08-15,2.1986900297812593
2023-08-16,2.1986900297812593
2023-08-17,2.1986900297812593
2023-08-18,2.0985728885525257
2023-08-21,2.0985728885525257
2023-08-22,2.0985728885525257
2023-08-23,2.0985728885525257
2023-08-24,2.0985728885525257
2023-08-25,2.216260346189332
2023-08-28,2.216260346189332
2023-08-29,2.216260346189332
2023-08-30,2.216260346189332
2023-08-31,2.216260346189332
2023-09-01,2.1053068396256127
2023-09-04,2.1053068396256127
2023-09-05,2.1053068396256127
2023-09-06,2.1053068396256127
2023-09-07,2.1053068396256127
2023-09-08,2.1530501599912553
2023-09-11,2.1530501599912553
2023-09-12,2.1530501599912553
2023-09-13,2.1530501599912553
2023-09-14,2.1530501599912553
2023-09-15,2.3289603179788423
2023-09-18,2.3289603179788423
2023-09-19,2.3289603179788423
2023-09-20,2.3289603179788423
2023-09-21,2.3289603179788423
2023-09-22,2.331588938274035
2023-09-25,2.331588938274035
2023-09-26,2.331588938274035
2023-09-27,2.331588938274035
2023-09-28,2.331588938274035
2023-09-29,2.284900213431944
2023-10-02,2.284900213431944
2023-10-03,2.284900213431944
2023-10-04,2.284900213431944
2023-10-05,2.284900213431944
2023-10-06,2.2608523338724034
2023-10-09,2.2608523338724034
2023-10-10,2.2608523338724034
2023-10-11,2.2608523338724034
2023-10-12,2.2608523338724034
2023-10-13,2.090140511901635
2023-10-16,2.090140511901635
2023-10-17,2.090140511901635
2023-10-18,2.090140511901635
2023-10-19,2.090140511901635
2023-10-20,2.0768710123610457
2023-10-23,2.0768710123610457
2023-10-24,2.0768710123610457
2023-10-25,2.0768710123610457
2023-10-26,2.0768710123610457
2023-10-27,2.095109757126601
2023-10-30,2.095109757126601
2023-10-31,2.095109757126601
2023-11-01,2.095109757126601
2023-11-02,2.095109757126601
2023-11-03,2.2879545738979545
2023-11-06,2.2879545738979545
2023-11-07,2.2879545738979545
2023-11-08,2.2879545738979545
2023-11-09,2.2879545738979545
2023-11-10,2.275675916189353
2023-11-13,2.275675916189353
2023-11-14,2.275675916189353
2023-11-15,2.275675916189353
2023-11-16,2.275675916189353
2023-11-17,2.066573246046025
2023-11-20,2.066573246046025
2023-11-21,2.066573246046025
2023-11-22,2.066573246046025
2023-11-23,2.066573246046025
2023-11-24,2.34651090688848
2023-11-27,2.34651090688848
2023-11-28,2.34651090688848
2023-11-29,2.34651090688848
2023-11-30,2.34651090688848
2023-12-01,2.5644705754273973
2023-12-04,2.5644705754273973
2023-12-05,2.5644705754273973
2023-12-06,2.5644705754273973
2023-12-07,2.5644705754273973
2023-12-08,2.494518630679825
2023-12-11,2.494518630679825
2023-12-12,2.494518630679825
2023-12-13,2.494518630679825
2023-12-14,2.494518630679825
2023-12-15,2.398006252114984
2023-12-18,2.398006252114984
2023-12-19,2.398006252114984
2023-12-20,2.398006252114984
2023-12-21,2.398006252114984
2023-12-22,2.44625305785134
2023-12-25,2.44625305785134
2023-12-26,2.44625305785134
2023-12-27,2.44625305785134
2023-12-28,2.44625305785134
2023-12-29,2.2262537516131915
2024-01-01,2.2262537516131915
2024-01-02,2.2262537516131915
2024-01-03,2.2262537516131915
2024-01-04,2.2262537516131915
2024-01-05,2.2383320644723548
2024-01-08,2.2383320644723548
2024-01-09,2.2383320644723548
2024-01-10,2.2383320644723548
2024-01-11,2.2383320644723548
2024-01-12,2.3979436644611827
2024-01-15,2.3979436644611827
2024-01-16,2.3979436644611827
2024-01-17,2.3979436644611827
2024-01-18,2.3979436644611827
2024-01-19,2.3945588380067906
2024-01-22,2.3945588380067906
2024-01-23,2.3945588380067906
2024-01-24,2.3945588380067906
2024-01-25,2.3945588380067906
2024-01-26,2.0166616101384673
2024-01-29,2.0166616101384673
2024-01-30,2.0166616101384673
2024-01-31,2.0166616101384673
2024-02-01,2.0166616101384673
2024-02-02,2.7358337897140323
2024-02-05,2.7358337897140323
2024-02-06,2.7358337897140323
2024-02-07,2.7358337897140323
2024-02-08,2.7358337897140323
2024-02-09,3.097001427127633
2024-02-12,3.097001427127633
2024-02-13,3.097001427127633
2024-02-14,3.097001427127633
2024-02-15,3.097001427127633
2024-02-16,3.704479717533612
2024-02-19,3.704479717533612
2024-02-20,3.704479717533612
2024-02-21,3.704479717533612
2024-02-22,3.704479717533612
2024-02-23,4.0635707762270545
2024-02-26,4.0635707762270545
2024-02-27,4.0635707762270545
2024-02-28,4.0635707762270545
2024-02-29,4.0635707762270545
2024-03-01,4.405017404193111
2024-03-04,4.405017404193111
2024-03-05,4.405017404193111
2024-03-06,4.405017404193111
2024-03-07,4.405017404193111
2024-03-08,4.581239616183195
2024-03-11,4.581239616183195
2024-03-12,4.581239616183195
2024-03-13,4.581239616183195
2024-03-14,4.581239616183195
2024-03-15,4.429353820611306
2024-03-18,4.429353820611306
2024-03-19,4.429353820611306
2024-03-20,4.429353820611306
2024-03-21,4.429353820611306
2024-03-22,3.8876868177761716
2024-03-25,3.8876868177761716
2024-03-26,3.8876868177761716
2024-03-27,3.8876868177761716
2024-03-28,3.8876868177761716
2024-03-29,3.9584274655336937
2024-04-01,3.9584274655336937
2024-04-02,3.9584274655336937
2024-04-03,3.9584274655336937
2024-04-04,3.9584274655336937
2024-04-05,3.75533122143691
2024-04-08,3.75533122143691
2024-04-09,3.75533122143691
2024-04-10,3.75533122143691
2024-04-11,3.75533122143691
2024-04-12,3.762110039276748
2024-04-15,3.762110039276748
2024-04-16,3.762110039276748
2024-04-17,3.762110039276748
2024-04-18,3.762110039276748
2024-04-19,3.951679930401938
2024-04-22,3.951679930401938
2024-04-23,3.951679930401938
2024-04-24,3.951679930401938
2024-04-25,3.951679930401938
2024-04-26,3.930291518917772
2024-04-29,3.930291518917772
2024-04-30,3.930291518917772
2024-05-01,3.930291518917772
2024-05-02,3.930291518917772
2024-05-03,3.759034616641447
2024-05-06,3.759034616641447
2024-05-07,3.759034616641447
2024-05-08,3.759034616641447
2024-05-09,3.759034616641447
2024-05-10,3.8374887936624207
2024-05-13,3.8374887936624207
2024-05-14,3.8374887936624207
2024-05-15,3.8374887936624207
2024-05-16,3.8374887936624207
2024-05-17,3.8521699577078063
2024-05-20,3.8521699577078063
2024-05-21,3.8521699577078063
2024-05-22,3.8521699577078063
2024-05-23,3.8521699577078063
2024-05-24,3.674552135664405
2024-05-27,3.674552135664405
2024-05-28,3.674552135664405
2024-05-29,3.674552135664405
2024-05-30,3.674552135664405
2024-05-31,3.894045109743613
2024-06-03,3.894045109743613
2024-06-04,3.894045109743613
2024-06-05,3.894045109743613
2024-06-06,3.894045109743613
2024-06-07,4.588736236556453
2024-06-10,4.588736236556453
2024-06-11,4.588736236556453
2024-06-12,4.588736236556453
2024-06-13,4.588736236556453
2024-06-14,4.512331678739992
2024-06-17,4.512331678739992
2024-06-18,4.512331678739992
2024-06-19,4.512331678739992
2024-06-20,4.512331678739992
2024-06-21,4.193861805527409
2024-06-24,4.193861805527409
2024-06-25,4.193861805527409
2024-06-26,4.193861805527409
2024-06-27,4.193861805527409
2024-06-28,4.320263883883221
2024-07-01,4.320263883883221
2024-07-02,4.320263883883221
2024-07-03,4.320263883883221
2024-07-04,4.320263883883221
2024-07-05,4.629645275213311
2024-07-08,4.629645275213311
2024-07-09,4.629645275213311
2024-07-10,4.629645275213311
2024-07-11,4.629645275213311
2024-07-12,4.358491711086966
2024-07-15,4.358491711086966
2024-07-16,4.358491711086966
2024-07-17,4.358491711086966
2024-07-18,4.358491711086966
2024-07-19,4.130931712338889
2024-07-22,4.130931712338889
2024-07-23,4.130931712338889
2024-07-24,4.130931712338889
2024-07-25,4.130931712338889
2024-07-26,3.940919889658559
2024-07-29,3.940919889658559
2024-07-30,3.940919889658559
2024-07-31,3.940919889658559
2024-08-01,3.940919889658559
2024-08-02,3.664875822818992
2024-08-05,3.664875822818992
2024-08-06,3.664875822818992
2024-08-07,3.664875822818992
2024-08-08,3.664875822818992
2024-08-09,3.806616312035801
2024-08-12,3.806616312035801
2024-08-13,3.806616312035801
2024-08-14,3.806616312035801
2024-08-15,3.806616312035801
2024-08-16,3.65346195200883
2024-08-19,3.65346195200883
2024-08-20,3.65346195200883
2024-08-21,3.65346195200883
2024-08-22,3.65346195200883
2024-08-23,3.550977325160783
2024-08-26,3.550977325160783
2024-08-27,3.550977325160783
2024-08-28,3.550977325160783
2024-08-29,3.550977325160783
2024-08-30,3.125543613312331
2024-09-02,3.125543613312331
2024-09-03,3.125543613312331
2024-09-04,3.125543613312331
2024-09-05,3.125543613312331
2024-09-06,3.3655084259043018
2024-09-09,3.3655084259043018
2024-09-10,3.3655084259043018
2024-09-11,3.3655084259043018
2024-09-12,3.3655084259043018
2024-09-13,3.195566243083247
2024-09-16,3.195566243083247
2024-09-17,3.195566243083247
2024-09-18,3.195566243083247
2024-09-19,3.195566243083247
2024-09-20,3.8653912289872503
2024-09-23,3.8653912289872503
2024-09-24,3.8653912289872503
2024-09-25,3.8653912289872503
2024-09-26,3.8653912289872503
2024-09-27,5.536063525772014
2024-09-30,5.536063525772014
2024-10-01,5.536063525772014
2024-10-02,5.536063525772014
2024-10-03,5.536063525772014
2024-10-04,6.692618886029894
2024-10-07,6.692618886029894
2024-10-08,6.692618886029894
2024-10-09,6.692618886029894
2024-10-10,6.692618886029894
2024-10-11,8.031020290379928
2024-10-14,8.031020290379928
2024-10-15,8.031020290379928
2024-10-16,8.031020290379928
2024-10-17,8.031020290379928
2024-10-18,7.984387358449911
2024-10-21,7.984387358449911
2024-10-22,7.984387358449911
2024-10-23,7.984387358449911
2024-10-24,7.984387358449911
2024-10-25,7.7596732112262155
2024-10-28,7.7596732112262155
2024-10-29,7.7596732112262155
2024-10-30,7.7596732112262155
2024-10-31,7.7596732112262155
2024-11-01,8.168077352225355
2024-11-04,8.168077352225355
2024-11-05,8.168077352225355
2024-11-06,8.168077352225355
2024-11-07,8.168077352225355
2024-11-08,7.58397555654768
2024-11-11,7.58397555654768
2024-11-12,7.58397555654768
2024-11-13,7.58397555654768
2024-11-14,7.58397555654768
2024-11-15,7.202024810602262
2024-11-18,7.202024810602262
2024-11-19,7.202024810602262
2024-11-20,7.202024810602262
2024-11-21,7.202024810602262
2024-11-22,7.269122444026685
2024-11-25,7.269122444026685
2024-11-26,7.269122444026685
2024-11-27,7.269122444026685
2024-11-28,7.269122444026685
2024-11-29,7.457245192636637
2024-12-02,7.457245192636637
2024-12-03,7.457245192636637
2024-12-04,7.457245192636637
2024-12-05,7.457245192636637
2024-12-06,7.202564285975273
2024-12-09,7.202564285975273
2024-12-10,7.202564285975273
2024-12-11,7.202564285975273
2024-12-12,7.202564285975273
2024-12-13,7.627062754438331
2024-12-16,7.627062754438331
2024-12-17,7.627062754438331
2024-12-18,7.627062754438331
2024-12-19,7.627062754438331
2024-12-20,7.859577911320178
2024-12-23,7.859577911320178
2024-12-24,7.859577911320178
2024-12-25,7.859577911320178
2024-12-26,7.859577911320178
2024-12-27,7.0699244160180355
2024-12-30,7.0699244160180355
2024-12-31,7.0699244160180355
2025-01-01,7.0699244160180355
2025-01-02,7.0699244160180355
2025-01-03,7.9975007098527575
2025-01-06,7.9975007098527575
2025-01-07,7.9975007098527575
2025-01-08,7.9975007098527575
2025-01-09,7.9975007098527575
2025-01-10,8.079091144313832
2025-01-13,8.079091144313832
2025-01-14,8.079091144313832
2025-01-15,8.079091144313832
2025-01-16,8.079091144313832
2025-01-17,8.818797572716042
2025-01-20,8.818797572716042
2025-01-21,8.818797572716042
2025-01-22,8.818797572716042
2025-01-23,8.818797572716042
2025-01-24,7.310220794789608
2025-01-27,7.310220794789608
2025-01-28,7.310220794789608
2025-01-29,7.310220794789608
2025-01-30,7.310220794789608
2025-01-31,6.4240755138838
2025-02-03,6.4240755138838
2025-02-04,6.4240755138838
2025-02-05,6.4240755138838
2025-02-06,6.4240755138838
2025-02-07,6.593598861741038
2025-02-10,6.593598861741038
2025-02-11,6.593598861741038
2025-02-12,6.593598861741038
2025-02-13,6.593598861741038
2025-02-14,7.28455042731979
2025-02-17,7.28455042731979
2025-02-18,7.28455042731979
2025-02-19,7.28455042731979
2025-02-20,7.28455042731979
2025-02-21,6.406571104483292
2025-02-24,6.406571104483292
2025-02-25,6.406571104483292
2025-02-26,6.406571104483292
2025-02-27,6.406571104483292
2025-02-28,6.380370469116861
2025-03-03,6.380370469116861
2025-03-04,6.380370469116861
2025-03-05,6.380370469116861
2025-03-06,6.380370469116861
2025-03-07,7.41261466315036
2025-03-10,7.41261466315036
2025-03-11,7.41261466315036
2025-03-12,7.41261466315036
2025-03-13,7.41261466315036
2025-03-14,7.006819070893531
2025-03-17,7.006819070893531
2025-03-18,7.006819070893531
2025-03-19,7.006819070893531
2025-03-20,7.006819070893531
2025-03-21,6.6122472784688835
2025-03-24,6.6122472784688835
2025-03-25,6.6122472784688835
2025-03-26,6.6122472784688835
2025-03-27,6.6122472784688835
2025-03-28,4.9986753101498795
2025-03-31,4.9986753101498795
2025-04-01,4.9986753101498795
2025-04-02,4.9986753101498795
2025-04-03,4.9986753101498795
2025-04-04,4.386783811840157
2025-04-07,4.386783811840157
2025-04-08,4.386783811840157
2025-04-09,4.386783811840157
2025-04-10,4.386783811840157
2025-04-11,4.304466788056493
2025-04-14,4.304466788056493
2025-04-15,4.304466788056493
2025-04-16,4.304466788056493
2025-04-17,4.304466788056493
2025-04-18,4.386350105557852
2025-04-21,4.386350105557852
2025-04-22,4.386350105557852
2025-04-23,4.386350105557852
2025-04-24,4.386350105557852
2025-04-25,4.520102389960958
2025-04-28,4.520102389960958
2025-04-29,4.520102389960958
2025-04-30,4.520102389960958
2025-05-01,4.520102389960958
2025-05-02,4.7005561490635905
2025-05-05,4.7005561490635905
2025-05-06,4.7005561490635905
2025-05-07,4.7005561490635905
2025-05-08,4.7005561490635905
2025-05-09,4.798471631847618
2025-05-12,4.798471631847618
2025-05-13,4.798471631847618
2025-05-14,4.798471631847618
2025-05-15,4.798471631847618
2025-05-16,4.545495561619921
2025-05-19,4.545495561619921
2025-05-20,4.545495561619921
2025-05-21,4.545495561619921
2025-05-22,4.545495561619921
2025-05-23,4.745494722146741
2025-05-26,4.745494722146741
2025-05-27,4.745494722146741
2025-05-28,4.745494722146741
2025-05-29,4.745494722146741
2025-05-30,5.379595039909015
2025-06-02,5.379595039909015
2025-06-03,5.379595039909015
2025-06-04,5.379595039909015
2025-06-05,5.379595039909015
2025-06-06,5.366783689794215
2025-06-09,5.366783689794215
2025-06-10,5.366783689794215
2025-06-11,5.366783689794215
2025-06-12,5.366783689794215
2025-06-13,5.700989633830906
2025-06-16,5.700989633830906
2025-06-17,5.700989633830906
2025-06-18,5.700989633830906
2025-06-19,5.700989633830906
2025-06-20,6.149760184628263
2025-06-23,6.149760184628263
2025-06-24,6.149760184628263
2025-06-25,6.149760184628263
2025-06-26,6.149760184628263
2025-06-27,6.548214314210119
2025-06-30,6.548214314210119
2025-07-01,6.548214314210119
2025-07-02,6.548214314210119
2025-07-03,6.548214314210119
2025-07-04,6.441721282007156
2025-07-07,6.441721282007156
2025-07-08,6.441721282007156
2025-07-09,6.441721282007156
2025-07-10,6.441721282007156
2025-07-11,7.730834806788595
2025-07-14,7.730834806788595
2025-07-15,7.730834806788595
2025-07-16,7.730834806788595
2025-07-17,7.730834806788595
2025-07-18,7.572252189579005
2025-07-21,7.572252189579005
2025-07-22,7.572252189579005
2025-07-23,7.572252189579005
2025-07-24,7.572252189579005
2025-07-25,8.713470783445318
2025-07-28,8.713470783445318
2025-07-29,8.713470783445318
2025-07-30,8.713470783445318
2025-07-31,8.713470783445318
2025-08-01,8.83671030831205
2025-08-04,8.83671030831205
2025-08-05,8.83671030831205
2025-08-06,8.83671030831205
2025-08-07,8.83671030831205
2025-08-08,10.504737897525466
2025-08-11,10.504737897525466
2025-08-12,10.504737897525466
2025-08-13,10.504737897525466
2025-08-14,10.504737897525466
2025-08-15,11.194784022642311
2025-08-18,11.194784022642311
2025-08-19,11.194784022642311
2025-08-20,11.194784022642311
2025-08-21,11.194784022642311
2025-08-22,13.97549958412602
2025-08-25,13.97549958412602
2025-08-26,13.97549958412602
2025-08-27,13.97549958412602
2025-08-28,13.97549958412602
2025-08-29,14.823056810706744
2025-09-01,14.823056810706744
2025-09-02,14.823056810706744
2025-09-03,14.823056810706744
2025-09-04,14.823056810706744
2025-09-05,15.689972099787543
2025-09-08,15.689972099787543
2025-09-09,15.689972099787543
2025-09-10,15.689972099787543
2025-09-11,15.689972099787543
2025-09-12,14.978748902620957
2025-09-15,14.978748902620957
2025-09-16,14.978748902620957
2025-09-17,14.978748902620957
2025-09-18,14.978748902620957
2025-09-19,13.728506535166963
2025-09-22,13.728506535166963
2025-09-23,13.728506535166963
2025-09-24,13.728506535166963
2025-09-25,13.728506535166963
2025-09-26,12.983636655676808
2025-09-29,12.983636655676808
2025-09-30,12.983636655676808
2025-10-01,12.983636655676808
2025-10-02,12.983636655676808
2025-10-03,12.671655834490124
2025-10-06,12.671655834490124
2025-10-07,12.671655834490124
2025-10-08,12.671655834490124
2025-10-09,12.671655834490124
2025-10-10,11.709718806865181
2025-10-13,11.709718806865181
2025-10-14,11.709718806865181
2025-10-15,11.709718806865181
2025-10-16,11.709718806865181
2025-10-17,14.924983205973549
2025-10-20,14.924983205973549
2025-10-21,14.924983205973549
2025-10-22,14.924983205973549
2025-10-23,14.924983205973549
2025-10-24,15.84229880268567
2025-10-27,15.84229880268567
2025-10-28,15.84229880268567
2025-10-29,15.84229880268567
2025-10-30,15.84229880268567
2025-10-31,16.711683333738584
2025-11-03,16.711683333738584
2025-11-04,16.711683333738584
2025-11-05,16.711683333738584
2025-11-06,16.711683333738584
2025-11-07,14.895303113296334
2025-11-10,14.895303113296334
2025-11-11,14.895303113296334
2025-11-12,14.895303113296334
2025-11-13,14.895303113296334
2025-11-14,14.207330335164686
2025-11-17,14.207330335164686
2025-11-18,14.207330335164686
2025-11-19,14.207330335164686
2025-11-20,14.207330335164686
2025-11-21,17.46441937760528
2025-11-24,17.46441937760528
2025-11-25,17.46441937760528
2025-11-26,17.46441937760528
2025-11-27,17.46441937760528
2025-11-28,17.983900907228737
2025-12-01,17.983900907228737
2025-12-02,17.983900907228737
2025-12-03,17.983900907228737
2025-12-04,17.983900907228737
2025-12-05,20.391917390951004
2025-12-08,20.391917390951004
2025-12-09,20.391917390951004
2025-12-10,20.391917390951004
2025-12-11,20.391917390951004
2025-12-12,19.38554907253334
2025-12-15,19.38554907253334
2025-12-16,19.38554907253334
2025-12-17,19.38554907253334
2025-12-18,19.38554907253334
2025-12-19,19.59405541126131
2025-12-22,19.59405541126131
2025-12-23,19.59405541126131
2025-12-24,19.59405541126131
2025-12-25,19.59405541126131
2025-12-26,19.093078456784923
2025-12-29,19.093078456784923
2025-12-30,19.093078456784923
2025-12-31,19.093078456784923
2026-01-01,19.093078456784923
2026-01-02,20.067339831632843
2026-01-05,20.067339831632843
2026-01-06,20.067339831632843
2026-01-07,20.067339831632843
2026-01-08,20.067339831632843
2026-01-09,20.2526546268664
2026-01-12,20.2526546268664
2026-01-13,20.2526546268664
2026-01-14,20.2526546268664
2026-01-15,20.2526546268664
2026-01-16,19.856153726043768
2026-01-19,19.856153726043768
2026-01-20,19.856153726043768
2026-01-21,19.856153726043768
2026-01-22,19.856153726043768
2026-01-23,21.576523646793184
2026-01-26,21.576523646793184
2026-01-27,21.576523646793184
2026-01-28,21.576523646793184
2026-01-29,21.576523646793184
2026-01-30,18.573156194753484
2026-02-02,18.573156194753484
2026-02-03,18.573156194753484
2026-02-04,18.573156194753484
2026-02-05,18.573156194753484
2026-02-06,20.075965025199743
2026-02-09,20.075965025199743
2026-02-10,20.075965025199743
2026-02-11,20.075965025199743
2026-02-12,20.075965025199743
2026-02-13,21.593312837177017
2026-02-16,21.593312837177017
2026-02-17,21.593312837177017
2026-02-18,21.593312837177017
2026-02-19,21.593312837177017
2026-02-20,23.225342278636223
2026-02-23,23.225342278636223
2026-02-24,23.225342278636223
2026-02-25,23.225342278636223
2026-02-26,23.225342278636223
2026-02-27,22.304904082826713
2026-03-02,22.304904082826713
2026-03-03,22.304904082826713
2026-03-04,22.304904082826713
2026-03-05,22.304904082826713
2026-03-06,22.546770686440574
2026-03-09,22.546770686440574
2026-03-10,22.546770686440574
2026-03-11,22.546770686440574
2026-03-12,22.546770686440574
2026-03-13,25.179442481876553
2026-03-16,25.179442481876553
2026-03-17,25.179442481876553
2026-03-18,25.179442481876553
2026-03-19,25.179442481876553
2026-03-20,26.249936255542234
2026-03-23,26.249936255542234
2026-03-24,26.249936255542234
2026-03-25,26.249936255542234
2026-03-26,26.249936255542234
2026-03-27,26.302895044968952
2026-03-30,26.302895044968952
2026-03-31,26.302895044968952
2026-04-01,26.302895044968952
2026-04-02,26.302895044968952
2026-04-03,29.86370503742349
2026-04-06,29.86370503742349
2026-04-07,29.86370503742349
2026-04-08,29.86370503742349
2026-04-09,29.86370503742349
2026-04-10,33.75908056976755
2026-04-13,33.75908056976755
2026-04-14,33.75908056976755
2026-04-15,33.75908056976755
2026-04-16,33.75908056976755
2026-04-17,33.08006431456234
2026-04-20,33.08006431456234
2026-04-21,33.08006431456234
2026-04-22,33.08006431456234
2026-04-23,33.08006431456234
2026-04-24,34.085759965590505
2026-04-27,34.085759965590505
2026-04-28,34.085759965590505
2026-04-29,34.085759965590505
2026-04-30,34.085759965590505
2026-05-01,35.87156934747117
2026-05-04,35.87156934747117
2026-05-05,35.87156934747117
2026-05-06,35.87156934747117
2026-05-07,35.87156934747117
2026-05-08,38.0577904660508
2026-05-11,38.0577904660508
2026-05-12,38.0577904660508
2026-05-13,38.0577904660508
2026-05-14,38.0577904660508
2026-05-15,37.45784020395675
2026-05-18,37.45784020395675
2026-05-19,37.45784020395675
2026-05-20,37.45784020395675
2026-05-21,37.45784020395675
2026-05-22,43.58177528422138
2026-05-25,43.58177528422138
2026-05-26,43.58177528422138
2026-05-27,43.58177528422138
2026-05-28,43.58177528422138
2026-05-29,46.43432175765492
2026-06-01,46.43432175765492
2026-06-02,46.43432175765492
2026-06-03,46.43432175765492
2026-06-04,46.43432175765492
2026-06-05,48.34377331826413
2026-06-08,48.34377331826413
2026-06-09,48.34377331826413
2026-06-10,48.34377331826413
2026-06-11,48.34377331826413
2026-06-12,60.30010098829198
2026-06-15,60.30010098829198
2026-06-16,60.30010098829198
2026-06-17,60.30010098829198
2026-06-18,60.30010098829198
2026-06-19,60.004349219225276
2026-06-22,60.004349219225276
2026-06-23,60.004349219225276
2026-06-24,60.004349219225276
2026-06-25,60.004349219225276
2026-06-26,54.97034026437464
2026-06-29,54.97034026437464
2026-06-30,54.97034026437464
2026-07-01,54.97034026437464
2026-07-02,54.97034026437464
2026-07-03,52.56749504868209
2026-07-06,52.56749504868209
2026-07-07,52.56749504868209
2026-07-08,52.56749504868209
2026-07-09,52.56749504868209
2026-07-10,47.98141658212257
2026-07-13,47.98141658212257
2026-07-14,47.98141658212257
2026-07-15,47.98141658212257
2026-07-16,47.98141658212257
2026-07-17,41.531350122746765
2026-07-20,41.531350122746765
2026-07-21,41.531350122746765
2026-07-22,41.531350122746765
2026-07-23,41.531350122746765
2026-07-24,35.8765636773431
2026-07-27,35.8765636773431
2026-07-28,35.8765636773431
2026-07-29,35.8765636773431
2026-07-30,35.8765636773431
2026-07-31,45.23824982372024
2026-08-03,45.23824982372024
2026-08-04,45.23824982372024
2026-08-05,45.23824982372024
2026-08-06,45.23824982372024
2026-08-07,45.23824982372024
