date,symbol,last_close,pred_close,real_close,pred_ret,real_ret
2025-06-06,300164,4.11,4.122498512268066,4.22,0.0030410005518408667,0.02676399026763976
2025-06-06,300191,16.9239987,15.871761322021484,19.93936602,-0.062174276696116415,0.17817109144542798
2025-06-06,300760,230.111635,225.89657592773438,231.38297,-0.018317453058232513,0.0055248618784529135
2025-06-06,600026,9.5937099,10.1988525390625,9.61280186,0.06307702081574296,0.0019900497512437276
2025-06-06,688008,83.5210298,80.9570541381836,81.00941888,-0.03069856379831659,-0.030071599045346065
2025-06-06,600089,11.28736268,11.401185989379883,11.28736268,0.010084136800314392,0.0
2025-06-06,600316,34.604262,32.25445556640625,34.604262,-0.06790511624243711,0.0
2025-06-06,600276,53.6609778,49.846588134765625,55.5930917,-0.07108311889975238,0.036005939123979314
2025-06-06,600406,21.11551431,21.793481826782227,21.38292019,0.03210755403959786,0.01266395296246059
2025-06-06,600428,5.75319182,5.760319709777832,5.8277875,0.0012389452673997603,0.012965964343598202
2025-06-06,600547,29.72058428,27.544422149658203,30.26149498,-0.07322070487713161,0.018199867637326284
2025-06-06,600489,13.7104704,14.084461212158203,14.28498585,0.027277752057157878,0.04190340909090917
2025-06-06,601808,12.98259662,13.276228904724121,13.41896058,0.022617377194926735,0.033611454840071886
2025-06-06,601872,5.75578176,5.644119739532471,5.9082528,-0.019399974690410993,0.026490066225165476
2025-06-06,600968,3.78947932,3.808000087738037,3.7708578,0.004887417551083795,-0.004914004914004955
2025-06-13,300164,4.22,4.1194987297058105,8.24,-0.02381546689435765,0.9526066350710902
2025-06-13,300191,19.93936602,18.043167114257812,23.08453392,-0.09509825457039223,0.15773660490736097
2025-06-13,300760,231.38297,229.27706909179688,220.9678025,-0.00910136518777993,-0.04501267962806421
2025-06-13,600026,9.61280186,10.003049850463867,10.4528481,0.04059669554698053,0.08738828202581939
2025-06-13,688008,81.00941888,75.34550476074219,81.0293523,-0.06991673557920242,0.0002460629921259283
2025-06-13,600089,11.28736268,11.32276439666748,11.09458108,0.0031364028667395516,-0.01707941929974377
2025-06-13,600316,34.604262,30.54054069519043,34.96351257,-0.11743412718380086,0.010381685643230831
2025-06-13,600276,55.5930917,52.795345306396484,51.3703273,-0.05032543267608047,-0.07595843783590117
2025-06-13,600406,21.38292019,21.37914276123047,21.46887208,-0.00017665635638008936,0.004019651630192023
2025-06-13,600428,5.8277875,5.648542881011963,5.76251628,-0.03075688998406989,-0.011200000000000099
2025-06-13,600547,30.26149498,27.52708625793457,31.83505338,-0.09035934027293147,0.05199870003249929
2025-06-13,600489,14.28498585,13.697802543640137,14.0415471,-0.041104927405991365,-0.017041581458759336
2025-06-13,601808,13.41896058,13.500422477722168,14.23015776,0.006070656310264599,0.06045156591405676
2025-06-13,601872,5.9082528,5.950260639190674,6.33660885,0.007110027382490225,0.07250130698537482
2025-06-13,600968,3.7708578,3.67423415184021,3.957073,-0.02562378463589632,0.04938271604938271
2025-06-20,300164,8.24,5.492426872253418,6.22,-0.3334433407459444,-0.24514563106796117
2025-06-20,300191,23.08453392,18.44652557373047,18.89097672,-0.20091409955872008,-0.18166089965397914
2025-06-20,300760,220.9678025,223.44972229003906,222.483625,0.011232042686576627,0.006859924762115499
2025-06-20,600026,10.4528481,10.236509323120117,9.8800893,-0.020696634525845914,-0.05479452054794531
2025-06-20,688008,81.0293523,75.311767578125,79.5343458,-0.07056189590046869,-0.0184501845018451
2025-06-20,600089,11.09458108,11.120370864868164,11.29700176,0.0023245388611072837,0.018245004344048743
2025-06-20,600316,34.96351257,32.315616607666016,35.72293725,-0.075733121980598,0.021720491569019673
2025-06-20,600276,51.3703273,49.30854797363281,51.8682948,-0.040135608136707135,0.009693679720822024
2025-06-20,600406,21.46887208,21.941444396972656,21.70762733,0.0220119769316105,0.011120996441281061
2025-06-20,600428,5.76251628,5.562153339385986,5.83711196,-0.034770043307194576,0.012944983818770295
2025-06-20,600547,31.83505338,29.049962997436523,32.16943454,-0.08748502316987405,0.010503552672227245
2025-06-20,600489,14.0415471,13.935530662536621,14.14866015,-0.007550196335799786,0.007628294036061023
2025-06-20,601808,14.23015776,13.972652435302734,13.30167906,-0.018095746304450433,-0.06524725274725285
2025-06-20,601872,6.33660885,6.451704502105713,6.10228125,0.01816360372405068,-0.03697996918335911
2025-06-20,600968,3.957073,3.792139768600464,3.92855134,-0.041680613776783004,-0.007207766952997852
2025-06-27,300164,6.22,5.514175891876221,5.89,-0.11347654471443391,-0.05305466237942125
2025-06-27,300191,18.89097672,18.466516494750977,19.01079264,-0.022468940147475025,0.006342494714587588
2025-06-27,300760,222.483625,229.83038330078125,215.34459,0.03302156866952011,-0.03208791208791195
2025-06-27,600026,9.8800893,9.8842191696167,9.85145136,0.0004179992195718629,-0.0028985507246376274
2025-06-27,688008,79.5343458,77.50403594970703,82.0260233,-0.0255274602421256,0.031328320802005205
2025-06-27,600089,11.29700176,11.274943351745605,11.69220404,-0.001952589609439448,0.03498293515358353
2025-06-27,600316,35.72293725,33.351749420166016,35.66298267,-0.06637717982817848,-0.0016783216783217147
2025-06-27,600276,51.8682948,50.27337646484375,52.25670945,-0.03074938825936202,0.00748847926267282
2025-06-27,600406,21.70762733,21.667526245117188,21.48373252,-0.001847326945188188,-0.010314107875372347
2025-06-27,600428,5.83711196,5.749248027801514,6.00495224,-0.015052637811402536,0.028753993610223683
2025-06-27,600547,32.16943454,29.161468505859375,32.7496842,-0.09350385162662611,0.018037297462549784
2025-06-27,600489,14.14866015,13.813563346862793,14.43,-0.023683995486823983,0.01988455776146414
2025-06-27,601808,13.30167906,13.442882537841797,13.61442978,0.01061546269496283,0.02351212343864817
2025-06-27,601872,6.10228125,6.101267337799072,6.00464475,-0.00016615297777822224,-0.016000000000000014
2025-06-27,600968,3.92855134,3.92273211479187,3.95736712,-0.0014812649000864875,0.007334963325183352
2025-07-04,300164,5.89,5.391491889953613,5.61,-0.08463635145099935,-0.04753820033955847
2025-07-04,300191,19.01079264,16.323413848876953,18.6713142,-0.14136069137215335,-0.017857142857142683
2025-07-04,300760,215.34459,216.87155151367188,213.8287675,0.007090781865807916,-0.007039055404178041
2025-07-04,600026,9.85145136,9.783721923828125,9.81326744,-0.006875071874879124,-0.003875968992248069
2025-07-04,688008,82.0260233,80.0850830078125,80.55095022,-0.023662494097620224,-0.017982989064398547
2025-07-04,600089,11.69220404,11.691316604614258,12.0004568,-7.589975189503662e-05,0.026363956611212158
2025-07-04,600316,35.66298267,31.957275390625,35.14337631,-0.10390906766450214,-0.01456990753712517
2025-07-04,600276,52.25670945,48.75655746459961,57.365856,-0.0669799538133834,0.097770154373928
2025-07-04,600406,21.48373252,21.672056198120117,21.28904532,0.00876587333903922,-0.009062075215224286
2025-07-04,600428,6.00495224,6.001535892486572,5.99562778,-0.0005689216794548813,-0.0015527950310557648
2025-07-04,600547,32.7496842,29.712461471557617,30.60571088,-0.09274051956941864,-0.06546546546546539
2025-07-04,600489,14.43,13.962152481079102,13.78,-0.03242186548308368,-0.04504504504504503
2025-07-04,601808,13.61442978,13.827648162841797,13.44828096,0.015661205521440236,-0.012203876525484603
2025-07-04,601872,6.00464475,5.922081470489502,5.9753538,-0.013749902441855144,-0.004878048780487809
2025-07-04,600968,3.95736712,3.858560800552368,4.04381446,-0.024967691005536974,0.02184466019417486
2025-07-11,300164,5.61,5.035647869110107,5.47,-0.10238005898215563,-0.024955436720142665
2025-07-11,300191,18.6713142,17.72227668762207,18.6213909,-0.05082864024525546,-0.002673796791443861
2025-07-11,300760,213.8287675,214.1424560546875,212.391181,0.0014670081970495907,-0.006723073404985125
2025-07-11,600026,9.81326744,10.04430866241455,9.8041239,0.023543760916246992,-0.0009317528596775038
2025-07-11,688008,80.55095022,79.97179412841797,85.98280717,-0.007189934941800757,0.06743380351398165
2025-07-11,600089,12.0004568,11.793219566345215,12.05947544,-0.017269112093698413,0.004918032786885185
2025-07-11,600316,35.14337631,32.99469757080078,36.84208941,-0.0611403617070172,0.0483366505544498
2025-07-11,600276,57.365856,52.61137390136719,57.49532755,-0.08287999918684752,0.002256944444444464
2025-07-11,600406,21.28904532,21.28843879699707,21.3182484,-2.8489910835038934e-05,0.001371742112483032
2025-07-11,600428,5.99562778,5.9334025382995605,6.1541436,-0.010378436417952552,0.026438569206842955
2025-07-11,600547,30.60571088,29.406070709228516,30.10413914,-0.03919661188315726,-0.016388174807197897
2025-07-11,600489,13.78,13.02379035949707,14.99,-0.05487733240224446,0.08780841799709727
2025-07-11,601808,13.44828096,13.400527954101562,13.46782788,-0.00355086319511555,0.0014534883720929148
2025-07-11,601872,5.9753538,5.937222480773926,5.9362992,-0.006381432882865301,-0.006535947712418277
2025-07-11,600968,4.04381446,3.909104347229004,3.97657764,-0.03331263442066934,-0.016627078384798155
2025-07-18,300164,5.47,5.188131332397461,5.47,-0.05152992095110398,0.0
2025-07-18,300191,18.6213909,17.56059455871582,18.7711608,-0.0569665470737839,0.008042895442359255
2025-07-18,300760,212.391181,215.94100952148438,226.9528565,0.016713634270362654,0.06856064094299663
2025-07-18,600026,9.8041239,9.908668518066406,10.10623905,0.010663330975081431,0.030815109343936165
2025-07-18,688008,85.98280717,81.1750717163086,83.40142928,-0.055915078978357236,-0.03002202387852093
2025-07-18,600089,12.05947544,11.751777648925781,14.15463716,-0.025515022822105382,0.1737357259380099
2025-07-18,600316,36.84208941,34.940147399902344,43.59697209,-0.051624162487956315,0.18334689449416874
2025-07-18,600276,57.49532755,53.03855895996094,57.2662625,-0.07751531785192967,-0.003984063745019806
2025-07-18,600406,21.3182484,21.1269474029541,21.84390384,-0.00897357951068345,0.02465753424657513
2025-07-18,600428,6.1541436,5.953395843505859,6.58306876,-0.0326199337458003,0.06969696969696959
2025-07-18,600547,30.10413914,29.704792022705078,30.47414508,-0.013265521908391031,0.012290865992854894
2025-07-18,600489,14.99,14.317436218261719,15.19,-0.04486749711396143,0.013342228152101399
2025-07-18,601808,13.46782788,13.202764511108398,13.8783132,-0.019681226345729108,0.030478955007256836
2025-07-18,601872,5.9362992,5.873837947845459,6.1315722,-0.010521917789207857,0.03289473684210531
2025-07-18,600968,3.97657764,3.7727279663085938,4.0342092,-0.05126259113889853,0.01449275362318847
2025-07-25,300164,5.47,5.22227668762207,5.47,-0.04528762566324118,0.0
2025-07-25,300191,18.7711608,16.953454971313477,19.84950408,-0.0968350251779061,0.057446808510638325
2025-07-25,300760,226.9528565,231.416015625,226.10204,0.019665578102119996,-0.003748868875770306
2025-07-25,600026,10.10623905,10.297111511230469,9.81386955,0.01888659671378634,-0.028929604628736727
2025-07-25,688008,83.40142928,77.22905731201172,84.73696842,-0.07400798788790597,0.016013384321223567
2025-07-25,600089,14.15463716,12.830780982971191,13.28903044,-0.09352808991599815,-0.06115357887421824
2025-07-25,600316,43.59697209,38.77934265136719,41.64844824,-0.11050376224953129,-0.044694017877607184
2025-07-25,600276,57.2662625,53.57161331176758,62.6443115,-0.06451703021883826,0.0939130434782609
2025-07-25,600406,21.84390384,21.760622024536133,21.29877968,-0.0038125884491105877,-0.024955436720142665
2025-07-25,600428,6.58306876,6.14050817489624,6.23806374,-0.06722709442028663,-0.052407932011331315
2025-07-25,600547,30.47414508,29.184288024902344,29.02158369,-0.0423262753298429,-0.04766536964980539
2025-07-25,600489,15.19,14.279435157775879,14.32,-0.05994501923792761,-0.057274522712310705
2025-07-25,601808,13.8783132,13.728084564208984,13.60465632,-0.010824704243669547,-0.019718309859154903
2025-07-25,601872,6.1315722,6.112875938415527,5.9167719,-0.003049179064461227,-0.035031847133757954
2025-07-25,600968,4.0342092,3.8868956565856934,3.8901303,-0.03651608930303041,-0.03571428571428581
2025-08-01,300164,5.47,5.257199764251709,5.41,-0.03890315095946817,-0.010968921389396646
2025-08-01,300191,19.84950408,18.07512664794922,20.40864504,-0.08939152458920174,0.028169014084507005
2025-08-01,300760,226.10204,228.90948486328125,225.7010805,0.012416716201593125,-0.0017733564013840963
2025-08-01,600026,9.81386955,9.687498092651367,9.98929125,-0.01287682261362777,0.017874875868917783
2025-08-01,688008,84.73696842,75.13541412353516,92.65053616,-0.11331009918686963,0.0933897906374972
2025-08-01,600089,13.28903044,13.190196990966797,13.20050248,-0.007437220456333216,-0.006661732050332936
2025-08-01,600316,41.64844824,37.76865768432617,45.21574575,-0.09315570494527092,0.08565259117082547
2025-08-01,600276,62.6443115,56.83086395263672,60.56280735,-0.09280088499916361,-0.03322734499205093
2025-08-01,600406,21.29877968,21.418296813964844,21.5129356,0.005611454541551764,0.010054844606947055
2025-08-01,600428,6.23806374,5.8956990242004395,6.23806374,-0.054883170494753664,0.0
2025-08-01,600547,29.02158369,28.833932876586914,32.4108936,-0.006465905355735102,0.11678583588695957
2025-08-01,600489,14.32,13.889225006103516,14.97,-0.030082052646402513,0.045391061452513926
2025-08-01,601808,13.60465632,13.646692276000977,13.69261746,0.0030898212356293975,0.006465517241379226
2025-08-01,601872,5.9167719,5.99111270904541,6.053463,0.012564420312604963,0.02310231023102305
2025-08-01,600968,3.8901303,3.9132494926452637,3.90934082,0.005943038115012067,0.004938271604938205
2025-08-08,300164,5.41,5.108483791351318,5.15,-0.05573312544337927,-0.04805914972273562
2025-08-08,300191,20.40864504,19.145641326904297,20.0192433,-0.06188572100794898,-0.019080234833659504
2025-08-08,300760,225.7010805,223.1591339111328,228.292648,-0.011262447584371116,0.011482299926339978
2025-08-08,600026,9.98929125,10.11172103881836,9.81386955,0.012256103636817839,-0.017560975609756224
2025-08-08,688008,92.65053616,74.50665283203125,88.64391874,-0.19583139051279452,-0.04324440619621339
2025-08-08,600089,13.20050248,12.770164489746094,13.14148384,-0.0326001219200488,-0.0044709388971685415
2025-08-08,600316,45.21574575,34.687255859375,41.40862992,-0.23285007724604434,-0.08419889502762434
2025-08-08,600276,60.56280735,54.147972106933594,62.5646367,-0.10592037462851212,0.03305377405032073
2025-08-08,600406,21.5129356,21.083316802978516,21.20143608,-0.019970254409234722,-0.014479638009049722
2025-08-08,600428,6.23806374,6.069087505340576,6.28468604,-0.02708793011778754,0.007473841554558991
2025-08-08,600547,32.4108936,30.035675048828125,31.09667139,-0.07328457463980187,-0.04054878048780486
2025-08-08,600489,14.97,13.990911483764648,14.66,-0.06540337449801947,-0.020708082832331387
2025-08-08,601808,13.69261746,13.577168464660645,13.55578902,-0.008431477449553637,-0.009992862241256173
2025-08-08,601872,6.053463,6.0084943771362305,5.98511745,-0.007428578131851049,-0.011290322580645218
2025-08-08,600968,3.90934082,3.795499801635742,3.9381566,-0.02912025929840978,0.0073710073710073765
2025-08-15,300164,5.15,4.794212341308594,5.44,-0.06908498227017601,0.056310679611650594
2025-08-15,300191,20.0192433,19.17848777770996,22.2158685,-0.04199736771719231,0.10972568578553621
2025-08-15,300760,228.292648,234.27395629882812,240.2920945,0.026200179248996758,0.05256168608636047
2025-08-15,600026,9.81386955,9.849116325378418,9.9600543,0.003591526787557253,0.014895729890764597
2025-08-15,688008,88.64391874,77.65972137451172,90.87646178,-0.12391371592794598,0.02518551832696203
2025-08-15,600089,13.14148384,13.18394660949707,13.98741768,0.003231200526064182,0.06437125748502992
2025-08-15,600316,41.40862992,38.384376525878906,41.2687359,-0.07303437471763363,-0.0033783783783783994
2025-08-15,600276,62.5646367,53.965911865234375,63.72988065,-0.1374374612929803,0.01862464183381074
2025-08-15,600406,21.20143608,21.315553665161133,21.37665456,0.005382540349178733,0.008264462809917328
2025-08-15,600428,6.28468604,6.153897285461426,6.4509592,-0.020810706168318704,0.026456876117872064
2025-08-15,600547,31.09667139,29.525962829589844,30.17770398,-0.05051050450741368,-0.029551954242135414
2025-08-15,600489,14.66,14.021472930908203,14.52,-0.043555734590163486,-0.009549795361528002
2025-08-15,601808,13.55578902,13.488293647766113,14.16174354,-0.004979081050487388,0.044700793078586765
2025-08-15,601872,5.98511745,5.851974964141846,6.06322665,-0.02224559283429839,0.013050570962479524
2025-08-15,600968,3.9381566,3.938882827758789,3.88052504,0.00018440804481700823,-0.014634146341463428
2025-08-22,300164,5.44,5.17272424697876,5.22,-0.049131572246551625,-0.040441176470588314
2025-08-22,300191,22.2158685,19.29717254638672,20.2688598,-0.13137888143393006,-0.08764044943820215
2025-08-22,300760,240.2920945,235.39056396484375,241.631886,-0.020398218032746107,0.005575678645557858
2025-08-22,600026,9.9600543,9.894655227661133,10.28166075,-0.006566136124264599,0.03228962818003933
2025-08-22,688008,90.87646178,78.24217224121094,117.1088425,-0.13902708458627078,0.28865979381443285
2025-08-22,600089,13.98741768,13.294468879699707,13.97758124,-0.049540867095940855,-0.0007032348804500987
2025-08-22,600316,41.2687359,38.22639846801758,41.11884945,-0.07372015075417959,-0.003631961259080052
2025-08-22,600276,63.72988065,56.0490608215332,62.77378305,-0.12052148458663081,-0.015002344116268107
2025-08-22,600406,21.37665456,21.132991790771484,21.50320124,-0.011398545480753364,0.005919854280510117
2025-08-22,600428,6.4509592,6.323720932006836,6.4801051,-0.019723930046428473,0.004518072289156683
2025-08-22,600547,30.17770398,28.748971939086914,32.59863963,-0.04734396102036009,0.08022265880812052
2025-08-22,600489,14.52,13.82966423034668,15.27,-0.047543785788796145,0.051652892561983466
2025-08-22,601808,14.16174354,13.880505561828613,13.88808666,-0.019858993871554542,-0.019323671497584516
2025-08-22,601872,6.06322665,5.883731842041016,6.5221182,-0.029603842693062488,0.07568438003220623
2025-08-22,600968,3.88052504,3.885483741760254,3.92855134,0.0012778430004032337,0.012376237623762387
2025-08-29,300164,5.22,5.011963844299316,5.15,-0.03985366967446047,-0.013409961685823646
2025-08-29,300191,20.2688598,18.754255294799805,20.29881378,-0.07472568857574302,0.001477832512315258
2025-08-29,300760,241.631886,234.2015838623047,228.351325,-0.030750503423605746,-0.05496195564189743
2025-08-29,600026,10.28166075,10.259913444519043,10.3108977,-0.0021151549355445942,0.0028436018957345155
2025-08-29,688008,117.1088425,86.04202270507812,102.50761235,-0.265281588748705,-0.12468085106382976
2025-08-29,600089,13.97758124,13.175889015197754,13.93823548,-0.057355576121283613,-0.0028149190710766714
2025-08-29,600316,41.11884945,36.76216125488281,35.90280099,-0.10595355301501963,-0.1268529769137302
2025-08-29,600276,62.77378305,56.424957275390625,68.37093775,-0.1011381737110294,0.08916389021101057
2025-08-29,600406,21.50320124,21.1121883392334,20.7341868,-0.018183939051793052,-0.03576278859212312
2025-08-29,600428,6.4801051,6.472045421600342,6.4606745,-0.0012437573581419725,-0.002998500749625266
2025-08-29,600547,32.59863963,30.40299415588379,35.81996625,-0.06735389878342024,0.09881782358290381
2025-08-29,600489,15.27,14.02737808227539,17.59,-0.08137668092499073,0.15193189259986895
2025-08-29,601808,13.88808666,14.076566696166992,13.37986674,0.013571346491511038,-0.03659394792399717
2025-08-29,601872,6.5221182,6.206351280212402,6.6588093,-0.04841478030674118,0.020958083832335328
2025-08-29,600968,3.92855134,3.8874683380126953,3.73644614,-0.010457544889130643,-0.0488997555012225
2025-09-05,300164,5.15,4.7507123947143555,5.86,-0.07753157384187281,0.13786407766990294
2025-09-05,300191,20.29881378,18.941164016723633,20.52846096,-0.06688320696916938,0.011313330054107285
2025-09-05,300760,228.351325,225.99163818359375,239.71024658,-0.010333580575484946,0.04974318226530983
2025-09-05,600026,10.3108977,10.317161560058594,11.62656045,0.0006074990016236015,0.1275992438563327
2025-09-05,688008,102.50761235,89.5655746459961,117.0091754,-0.12625440596367488,0.14146815751093822
2025-09-05,600089,13.93823548,13.460522651672363,14.6562956,-0.03427355126932008,0.05151729004940009
2025-09-05,600316,35.90280099,37.1104736328125,35.36320977,0.03363728203682137,-0.015029223490119814
2025-09-05,600276,68.37093775,60.179229736328125,68.01240115,-0.11981271989606246,-0.005243991260014513
2025-09-05,600406,20.7341868,20.570547103881836,21.81470076,-0.007892264967833906,0.05211267605633818
2025-09-05,600428,6.4606745,6.341652870178223,6.8590018,-0.01842247737783065,0.06165413533834596
2025-09-05,600547,35.81996625,30.450674057006836,37.59861285,-0.14989662903418188,0.04965517241379325
2025-09-05,600489,17.59,14.526756286621094,18.99,-0.17414688535411638,0.07959067652075036
2025-09-05,601808,13.37986674,13.157801628112793,13.59488286,-0.01659695991017085,0.01607012417823217
2025-09-05,601872,6.6588093,6.293620586395264,7.89879285,-0.05484294521014976,0.18621700879765402
2025-09-05,600968,3.73644614,3.6274471282958984,3.81328822,-0.029171840733157595,0.020565552699228773
2025-09-12,300164,5.86,5.238133430480957,5.58,-0.10612057500324967,-0.04778156996587035
2025-09-12,300191,20.52846096,18.932132720947266,19.69973418,-0.07776171054241243,-0.04036964980544744
2025-09-12,300760,239.71024658,239.77964782714844,233.8684526,0.00028952140402260795,-0.024370230573561913
2025-09-12,600026,11.62656045,11.230605125427246,12.1625712,-0.03405610165410122,0.04610226320201183
2025-09-12,688008,117.0091754,97.37025451660156,118.61381571,-0.16784086219103844,0.01371379897785352
2025-09-12,600089,14.6562956,13.139528274536133,15.51206588,-0.10348913305650487,0.05838926174496639
2025-09-12,600316,35.36320977,33.439395904541016,34.42392135,-0.05440156247046979,-0.026561175473297505
2025-09-12,600276,68.01240115,60.419654846191406,70.80101915,-0.1116376745332508,0.041001610777566144
2025-09-12,600406,21.81470076,21.554279327392578,21.69788844,-0.011937886999804248,-0.0053547523427042165
2025-09-12,600428,6.8590018,6.537878513336182,6.5383969,-0.04681778719810481,-0.04674220963172793
2025-09-12,600547,37.59861285,32.86196517944336,35.6717457,-0.12597931975452237,-0.05124835742444156
2025-09-12,600489,18.99,15.461710929870605,18.05,-0.18579721275036298,-0.04949973670352803
2025-09-12,601808,13.59488286,13.299667358398438,13.2919056,-0.02171519274139322,-0.022286125089863495
2025-09-12,601872,7.89879285,6.69940710067749,8.46508455,-0.15184418329473093,0.07169344870210126
2025-09-12,600968,3.81328822,3.7305920124053955,3.71723562,-0.02168632498348222,-0.02518891687657432
2025-09-19,300164,5.58,5.101717472076416,5.33,-0.0857137146816459,-0.04480286738351258
2025-09-19,300191,19.69973418,18.706504821777344,19.73967282,-0.05041841423581361,0.0020273694880892368
2025-09-19,300760,233.8684526,235.7879638671875,240.949415,0.008207653686709726,0.030277544154751812
2025-09-19,600026,12.1625712,11.397651672363281,11.7922365,-0.06289126822433067,-0.030448717948718063
2025-09-19,688008,118.61381571,98.92085266113281,136.1452586,-0.16602587928723822,0.1478027056549871
2025-09-19,600089,15.51206588,13.8507080078125,15.95470568,-0.10710100672854417,0.028535193405199832
2025-09-19,600316,34.42392135,34.558380126953125,34.973505,0.0039059692121079514,0.0159651669085632
2025-09-19,600276,70.80101915,60.14297866821289,71.97622245,-0.15053512802134728,0.016598677732451828
2025-09-19,600406,21.69788844,21.084253311157227,21.9996536,-0.028280868460524466,0.013907581875280295
2025-09-19,600428,6.5383969,6.334118843078613,6.3440909,-0.031242835215676057,-0.029717682020802383
2025-09-19,600547,35.6717457,32.014808654785156,37.4503923,-0.10251634657775788,0.04986149584487509
2025-09-19,600489,18.05,15.941914558410645,20.44,-0.11679143720716656,0.13240997229916895
2025-09-19,601808,13.2919056,13.181739807128906,13.25281176,-0.008288186523916719,-0.002941176470588225
2025-09-19,601872,8.46508455,7.046466827392578,8.44555725,-0.16758458987954494,-0.0023068050749711633
2025-09-19,600968,3.71723562,3.6881465911865234,3.67881458,-0.00782544659180806,-0.01033591731266148
2025-09-26,300164,5.33,4.860130786895752,5.82,-0.08815557469122859,0.09193245778611625
2025-09-26,300191,19.73967282,17.97572135925293,20.57838426,-0.08936072430541275,0.04248861911987856
2025-09-26,300760,240.949415,236.52182006835938,237.999014,-0.01837562017588057,-0.01224489795918371
2025-09-26,600026,11.7922365,11.321913719177246,11.9091843,-0.039884103479670974,0.009917355371900749
2025-09-26,688008,136.1452586,96.9161376953125,149.56045026,-0.2881416606651295,0.09853587115666174
2025-09-26,600089,15.95470568,13.997879028320312,19.30893172,-0.12264887180793715,0.21023427866831068
2025-09-26,600316,34.973505,35.13922882080078,37.15185474,0.004738553393512479,0.062285714285714056
2025-09-26,600276,71.97622245,57.50357437133789,67.922767,-0.20107540498830534,-0.05631659056316596
2025-09-26,600406,21.9996536,21.565340042114258,23.05739995,-0.019741836202627372,0.04808013658905974
2025-09-26,600428,6.3440909,5.9941630363464355,6.7812794,-0.05515807846535814,0.06891271056661563
2025-09-26,600547,37.4503923,33.749366760253906,40.76065125,-0.09882474688378873,0.0883905013192614
2025-09-26,600489,20.44,16.835874557495117,23.6,-0.17632707644348744,0.1545988258317026
2025-09-26,601808,13.25281176,13.33549976348877,13.6339767,0.006239280009872283,0.028761061946902533
2025-09-26,601872,8.44555725,7.20937442779541,8.46508455,-0.14637078236662127,0.0023121387283238093
2025-09-26,600968,3.67881458,3.636068344116211,3.82289348,-0.011619567921737795,0.03916449086161866
2025-10-03,300164,5.78,5.145197868347168,5.75,-0.10982735841744506,-0.005190311418685201
2025-10-03,300191,20.53844562,19.009925842285156,20.02922796,-0.0744223689560225,-0.024793388429752095
2025-10-03,300760,241.62800723,233.03298950195312,226.6891435,-0.035571280939570404,-0.06182587813911844
2025-10-03,600026,11.8117278,11.159297943115234,12.0066408,-0.05523576803765873,0.01650165016501637
2025-10-03,688008,154.2846708,104.69754791259766,144.06879305,-0.3214001924512797,-0.06621447028423755
2025-10-03,600089,17.5088632,14.459122657775879,19.54500628,-0.17418267007901012,0.1162921348314605
2025-10-03,600316,37.8713097,37.014564514160156,37.21180932,-0.022622539136528452,-0.017414248021108136
2025-10-03,600276,71.25914925,61.57305908203125,66.130084,-0.1359276706207483,-0.07197763801537382
2025-10-03,600406,22.4988484,22.108104705810547,23.21418635,-0.017367275304164154,0.03179442508710806
2025-10-03,600428,6.4801051,6.319366931915283,6.8298559,-0.024804870539015922,0.05397301349325323
2025-10-03,600547,38.86342821,32.71517562866211,41.2053129,-0.15820149854293808,0.06025934401220434
2025-10-03,600489,21.93,15.662958145141602,25.2,-0.2857748223829639,0.14911080711354296
2025-10-03,601808,13.15507716,12.918274879455566,13.45805442,-0.01800082794378932,0.023031203566121983
2025-10-03,601872,8.6701212,6.796440124511719,8.54319375,-0.21610782966774233,-0.014639639639639657
2025-10-03,600968,3.68841984,3.7088418006896973,3.80368296,0.005536777692231931,0.03125
2025-10-10,300164,5.78,5.210693359375,5.68,-0.0984959585856402,-0.01730103806228378
2025-10-10,300191,20.40864504,17.799108505249023,19.51002564,-0.12786427171604997,-0.04403131115459891
2025-10-10,300760,244.13584808,237.74636840820312,227.11203431,-0.026171820820443892,-0.06973090557524964
2025-10-10,600026,11.43164745,11.117846488952637,12.2015538,-0.027450195819970213,0.06734867860187554
2025-10-10,688008,156.55708068,105.74694061279297,144.1186266,-0.32454705878849455,-0.07944996180290309
2025-10-10,600089,19.25974952,15.13003158569336,19.74173508,-0.21442220367498532,0.02502553626149151
2025-10-10,600316,37.0719153,35.42001724243164,36.12263445,-0.04455928549147181,-0.025606469002695476
2025-10-10,600276,70.86077525,58.36865997314453,66.5682954,-0.17629097667620386,-0.06057624736472256
2025-10-10,600406,22.9104127,21.87369728088379,23.4199685,-0.045250839986667235,0.022241231822070162
2025-10-10,600428,6.5578275,6.1466898918151855,6.8687171,-0.0626941785499564,0.04740740740740734
2025-10-10,600547,42.74680662,34.46659469604492,39.39702219,-0.19370363726962014,-0.07836338418862687
2025-10-10,600489,24.12,16.262210845947266,24.42,-0.3257789864864318,0.01243781094527363
2025-10-10,601808,13.4385075,12.96165943145752,13.51669518,-0.035483707438678014,0.005818181818181722
2025-10-10,601872,8.13312045,7.102989196777344,8.6505939,-0.1266587971438018,0.06362545018007215
2025-10-10,600968,3.78447244,3.7017509937286377,3.81328822,-0.021858118293328732,0.0076142131979695105
2025-10-17,300164,5.68,5.199770450592041,6.35,-0.08454745588168289,0.11795774647887325
2025-10-17,300191,19.51002564,18.806392669677734,21.1175559,-0.036065199672503545,0.08239508700102349
2025-10-17,300760,227.11203431,223.75689697265625,218.1329806,-0.014773049554758999,-0.03953579006625396
2025-10-17,600026,12.2015538,11.18071174621582,12.0261321,-0.08366492255963165,-0.01437699680511173
2025-10-17,688008,144.1186266,117.81953430175781,136.16175694,-0.1824822572812541,-0.05521055707867806
2025-10-17,600089,19.74173508,15.512694358825684,18.51218008,-0.21421828952910438,-0.06228201295465874
2025-10-17,600316,36.12263445,35.40715789794922,33.84436041,-0.019806876296387665,-0.06307053941908713
2025-10-17,600276,66.5682954,59.918052673339844,64.8752059,-0.09990105179499842,-0.025433871932974306
2025-10-17,600406,23.4199685,22.713634490966797,22.54784415,-0.030159477329493534,-0.03723849372384935
2025-10-17,600428,6.8687171,6.675533294677734,7.0144466,-0.028125165516318162,0.021216407355021394
2025-10-17,600547,39.39702219,30.512788772583008,36.64048318,-0.22550520124518558,-0.06996820715804475
2025-10-17,600489,24.42,17.254581451416016,22.61,-0.2934241829886972,-0.07411957411957426
2025-10-17,601808,13.51669518,13.03502082824707,13.89786012,-0.03563551188648828,0.028199566160520773
2025-10-17,601872,8.6505939,7.331377029418945,8.2991025,-0.1525001503747685,-0.040632054176072296
2025-10-17,600968,3.81328822,3.77431321144104,3.81328822,-0.010220839944524274,0.0
2025-10-24,300164,6.35,5.465291976928711,5.76,-0.13932409812146285,-0.09291338582677167
2025-10-24,300191,21.1175559,20.07398223876953,19.93936602,-0.04941735048185514,-0.05579196217494076
2025-10-24,300760,218.1329806,214.64913940429688,213.10746423,-0.01597118045203627,-0.023038773669972867
2025-10-24,600026,12.0261321,11.518157005310059,13.18586445,-0.042239274478777844,0.09643435980551063
2025-10-24,688008,136.16175694,119.65933227539062,151.712264,-0.12119720717088878,0.11420612813370479
2025-10-24,600089,18.51218008,15.018800735473633,20.410613,-0.1887070744466509,0.10255047821466534
2025-10-24,600316,33.84436041,32.57091522216797,34.1741106,-0.03762651066249034,0.009743135518157642
2025-10-24,600276,64.8752059,61.5150146484375,62.6243928,-0.05179469112964308,-0.03469450414491859
2025-10-24,600406,22.54784415,22.617197036743164,23.8511311,0.003075810098818854,0.05780095610604086
2025-10-24,600428,7.0144466,6.6458587646484375,7.1310302,-0.05254695863698822,0.01662049861495829
2025-10-24,600547,36.64048318,33.439632415771484,36.04486438,-0.08735831207530798,-0.016255757247358393
2025-10-24,600489,22.61,18.245113372802734,22.3,-0.19305115555936603,-0.013710747456877392
2025-10-24,601808,13.89786012,13.859000205993652,14.24970468,-0.0027961077223986885,0.025316455696202445
2025-10-24,601872,8.2991025,7.420436382293701,9.29341568,-0.10587483618937099,0.11980972400328849
2025-10-24,600968,3.81328822,3.7755393981933594,3.76526192,-0.009899283670364856,-0.012594458438287215
2025-10-31,300164,5.76,5.753398895263672,6.1,-0.0011460251278346822,0.05902777777777768
2025-10-31,300191,19.93936602,19.089553833007812,19.98928932,-0.04261981981472196,0.0025037556334501776
2025-10-31,300760,213.10746423,219.52664184570312,202.93841545,0.030121786859493183,-0.04771793806820801
2025-10-31,600026,13.18586445,11.73868465423584,12.19180815,-0.10975236407531552,-0.07538802660753885
2025-10-31,688008,151.712264,132.81777954101562,132.05953717,-0.12454157601249938,-0.1295394736842106
2025-10-31,600089,20.410613,16.074832916259766,25.02390336,-0.21242772491645578,0.226024096385542
2025-10-31,600316,34.1741106,34.50125503540039,34.44390621,0.00957287343128077,0.007894736842105399
2025-10-31,600276,62.6243928,59.0384521484375,62.1662627,-0.057261084558771214,-0.0073155216284988
2025-10-31,600406,23.8511311,22.75067710876465,24.84084525,-0.04613844042119042,0.04149548069022191
2025-10-31,600428,7.1310302,6.504374980926514,7.0047313,-0.08787723533599479,-0.017711171662125214
2025-10-31,600547,36.04486438,32.429405212402344,34.92311564,-0.10030441866785733,-0.03112090333241535
2025-10-31,600489,22.3,18.034526824951172,21.07,-0.191276823993221,-0.05515695067264581
2025-10-31,601808,14.24970468,13.721927642822266,14.42562696,-0.03703775264328746,0.012345679012345734
2025-10-31,601872,9.29341568,7.3096184730529785,8.37785672,-0.2134626573538807,-0.09851694915254239
2025-10-31,600968,3.76526192,3.777255058288574,3.7940777,0.0031852069108049275,0.007653061224489832
2025-11-07,300164,6.1,5.742027282714844,6.2,-0.058684052013959986,0.016393442622950838
2025-11-07,300191,19.98928932,19.994815826416016,20.05918194,0.00027647338169667357,0.0034965034965033226
2025-11-07,300760,202.93841545,214.26016235351562,206.1008327,0.055789077087305294,0.015583137588748741
2025-11-07,600026,12.19180815,11.213367462158203,12.9227319,-0.08025394394364682,0.05995203836930463
2025-11-07,688008,132.05953717,121.01228332519531,127.5580746,-0.08365358596239492,-0.03408661476834707
2025-11-07,600089,25.02390336,17.012073516845703,24.53208136,-0.3201670709758646,-0.019654088050314433
2025-11-07,600316,34.44390621,33.069366455078125,33.26479947,-0.03990661647205418,-0.034232666086452035
2025-11-07,600276,62.1662627,55.78697204589844,63.3016286,-0.10261660227005343,0.018263377122717195
2025-11-07,600406,24.84084525,22.378620147705078,23.909926,-0.09912002097814776,-0.03747534516765294
2025-11-07,600428,7.0047313,6.3203206062316895,7.1990373,-0.09770691614799143,0.0277392510402219
2025-11-07,600547,34.92311564,32.87700653076172,36.26325794,-0.058588962403306355,0.03837407617964761
2025-11-07,600489,21.07,19.191390991210938,22.02,-0.08916037061172577,0.04508780256288558
2025-11-07,601808,14.42562696,13.851753234863281,14.43540042,-0.03978154479718499,0.0006775067750677266
2025-11-07,601872,8.37785672,7.423624515533447,8.93900576,-0.11389932250674173,0.06698002350176258
2025-11-07,600968,3.7940777,3.7770450115203857,3.842104,-0.004489282989542875,0.012658227848101333
2025-11-14,300164,6.2,5.805975437164307,6.01,-0.0635523488444667,-0.030645161290322687
2025-11-14,300191,20.05918194,19.10952377319336,20.60833824,-0.047342816354485895,0.027376804380288666
2025-11-14,300760,206.1008327,207.9109344482422,196.8356495,0.008782602789756622,-0.0449546131309736
2025-11-14,600026,12.9227319,11.919087409973145,12.36722985,-0.07766504000805396,-0.042986425339366585
2025-11-14,688008,127.5580746,118.75178527832031,117.79658814,-0.06903749017296379,-0.0765258215962441
2025-11-14,600089,24.53208136,21.03520393371582,22.83037724,-0.1425430388465082,-0.06936647955092212
2025-11-14,600316,33.26479947,33.94142150878906,33.28478433,0.020340481517084674,0.0006007810153199067
2025-11-14,600276,63.3016286,60.68525695800781,60.38353905,-0.041331821942922176,-0.04609817495280044
2025-11-14,600406,23.909926,22.372295379638672,22.33226285,-0.06430930067961427,-0.065983606557377
2025-11-14,600428,7.1990373,6.628946304321289,6.8104253,-0.07918989330402704,-0.053981106612685514
2025-11-14,600547,36.26325794,33.53697967529297,35.51873444,-0.075180180148674,-0.020531070353134395
2025-11-14,600489,22.02,21.075294494628906,22.35,-0.042902157373800764,0.014986376021798531
2025-11-14,601808,14.43540042,14.07814884185791,14.171517,-0.02474829708548465,-0.018280297901151044
2025-11-14,601872,8.93900576,7.721181392669678,8.83071384,-0.13623711629986945,-0.01211453744493407
2025-11-14,600968,3.842104,3.8428261280059814,3.71723562,0.0001879511866367256,-0.032500000000000084
2025-11-21,300164,6.01,5.591590404510498,5.57,-0.06961890107978397,-0.07321131447587348
2025-11-21,300191,20.60833824,19.25127601623535,18.21201984,-0.06585015288280938,-0.11627906976744184
2025-11-21,300760,196.8356495,209.897216796875,194.311481,0.06635773209809237,-0.012823736484787518
2025-11-21,600026,12.36722985,11.610340118408203,11.7922365,-0.06120123429191349,-0.046493301812450705
2025-11-21,688008,117.79658814,106.9783935546875,117.1777618,-0.09183792804300228,-0.005253346890357502
2025-11-21,600089,22.83037724,20.414714813232422,21.03030872,-0.10580913321638918,-0.07884532529082289
2025-11-21,600316,33.28478433,31.962087631225586,33.08493573,-0.03973877930710379,-0.0060042029420595
2025-11-21,600276,60.38353905,58.337650299072266,61.83760415,-0.033881564133458,0.024080488207158135
2025-11-21,600406,22.33226285,22.31827735900879,21.64632235,-0.0006262460318127161,-0.030715225976305494
2025-11-21,600428,6.8104253,6.6106157302856445,6.6355499,-0.02933878001926782,-0.02567760342368053
2025-11-21,600547,35.51873444,34.20097351074219,36.02501042,-0.03710044713118488,0.014253773057574026
2025-11-21,600489,22.35,19.922348022460938,22.14,-0.10861977528138989,-0.00939597315436247
2025-11-21,601808,14.171517,14.053943634033203,13.67307054,-0.008296455909892808,-0.03517241379310343
2025-11-21,601872,8.83071384,8.05663776397705,8.5156828,-0.08765724833214039,-0.035674470457079055
2025-11-21,600968,3.71723562,3.7254714965820312,3.58276198,0.002215591752569912,-0.036175710594315236
2025-11-28,300164,5.57,5.359952926635742,5.93,-0.03771042609771236,0.06463195691202861
2025-11-28,300191,18.21201984,16.650636672973633,18.08221926,-0.0857336627537062,-0.007127192982456232
2025-11-28,300760,194.311481,204.17080688476562,197.974,0.050739801035048604,0.018848700967906362
2025-11-28,600026,11.7922365,11.608270645141602,11.37317355,-0.015600590681708049,-0.035537190082644554
2025-11-28,688008,117.1777618,108.24498748779297,119.4734079,-0.07623267567999437,0.01959114139693363
2025-11-28,600089,21.03030872,19.11518096923828,21.148346,-0.0910651277762945,0.005612722170252438
2025-11-28,600316,33.08493573,33.667625427246094,31.69598796,0.0176119337816254,-0.041981274539414026
2025-11-28,600276,61.83760415,61.81475067138672,61.00101875,-0.00036957251056890517,-0.013528748590755257
2025-11-28,600406,21.64632235,21.720346450805664,21.95989515,0.0034197079581819168,0.014486192847442458
2025-11-28,600428,6.6355499,6.545005798339844,7.0727384,-0.013645304914390977,0.06588579795021965
2025-11-28,600547,36.02501042,32.77560043334961,35.40953766,-0.090198724407486,-0.017084596307522792
2025-11-28,600489,22.14,18.306995391845703,22.13,-0.1731257727260297,-0.0004516711833785214
2025-11-28,601808,13.67307054,13.390669822692871,13.9760478,-0.020653789248068044,0.022158684774839177
2025-11-28,601872,8.5156828,8.238958358764648,8.70273248,-0.032495860606192584,0.021965317919075078
2025-11-28,600968,3.58276198,3.6299033164978027,3.72684088,0.013157819794046954,0.04021447721179627
2025-12-05,300164,5.93,5.550302028656006,5.5,-0.06403001203102765,-0.07251264755480602
2025-12-05,300191,18.08221926,18.24625587463379,17.7227715,0.00907170808378921,-0.019878520154610668
2025-12-05,300760,197.974,196.2246551513672,193.7868499,-0.008836235306822093,-0.021150000000000002
2025-12-05,600026,11.37317355,10.928807258605957,10.9541106,-0.0390714420597269,-0.03684661525278499
2025-12-05,688008,119.4734079,114.97028350830078,119.16399473,-0.03769143670421082,-0.0025898078529656976
2025-12-05,600089,21.148346,19.406309127807617,21.97460696,-0.0823722513426054,0.039069767441860526
2025-12-05,600316,31.69598796,35.093292236328125,30.86661627,0.10718404741368182,-0.026166456494325252
2025-12-05,600276,61.00101875,59.086219787597656,63.142279,-0.03138962269220047,0.03510204081632651
2025-12-05,600406,21.95989515,21.9569091796875,22.2636688,-0.00013597379641860918,0.013833110218652411
2025-12-05,600428,7.0727384,6.918021202087402,6.80071,-0.021875147808746664,-0.03846153846153855
2025-12-05,600547,35.40953766,33.54435729980469,34.72457604,-0.05267451888541008,-0.019343986543313596
2025-12-05,600489,22.13,20.60906982421875,21.8,-0.06872707527253719,-0.014911884319927626
2025-12-05,601808,13.9760478,13.669105529785156,13.42873404,-0.021962022068559572,-0.03916083916083912
2025-12-05,601872,8.70273248,8.351855278015137,8.0726704,-0.04031804985287368,-0.07239819004524883
2025-12-05,600968,3.72684088,3.615518093109131,3.70763036,-0.029870550011480312,-0.005154639175257714
2025-12-12,300164,5.5,5.527820587158203,5.36,0.00505828857421875,-0.025454545454545396
2025-12-12,300191,17.7227715,17.574113845825195,17.68283286,-0.008387946217938036,-0.0022535211267604716
2025-12-12,300760,193.7868499,195.22129821777344,195.7665899,0.007402196374592274,0.010216069877918121
2025-12-12,600026,10.9541106,10.499713897705078,11.54859525,-0.04148184356427087,0.05427046263345203
2025-12-12,688008,119.16399473,116.69021606445312,116.54895439,-0.020759447273917986,-0.02194488650640747
2025-12-12,600089,21.97460696,20.836057662963867,21.26638328,-0.05181204374251669,-0.0322291853178156
2025-12-12,600316,30.86661627,31.82334327697754,30.88660113,0.030995525995099138,0.0006474587245062224
2025-12-12,600276,63.142279,61.18867111206055,59.7561,-0.030939774725892488,-0.05362776025236593
2025-12-12,600406,22.2636688,22.22477149963379,22.4400535,-0.0017471199700119788,0.007922535211267512
2025-12-12,600428,6.80071,6.697539329528809,7.0047313,-0.0151705734358899,0.030000000000000027
2025-12-12,600547,34.72457604,33.546756744384766,36.81916882,-0.03391889635336309,0.06032018296169239
2025-12-12,600489,21.8,19.03194808959961,22.72,-0.12697485827524735,0.04220183486238516
2025-12-12,601808,13.42873404,13.273576736450195,13.46782788,-0.011554127372516265,0.0029112081513829047
2025-12-12,601872,8.0726704,7.5335235595703125,8.74211136,-0.06678667822604123,0.08292682926829276
2025-12-12,600968,3.70763036,3.634376049041748,3.66920932,-0.019757716882610743,-0.01036269430051806
2025-12-19,300164,5.36,4.966908931732178,5.47,-0.07333788587086243,0.020522388059701413
2025-12-19,300191,17.68283286,17.401315689086914,18.25195848,-0.0159203659923689,0.032185206098249486
2025-12-19,300760,195.7665899,194.97950744628906,199.3895141,-0.004020514706380762,0.018506345755170184
2025-12-19,600026,11.54859525,11.194677352905273,11.4803757,-0.030645969438986675,-0.005907172995780585
2025-12-19,688008,116.54895439,104.966796875,121.0703791,-0.09937590238899441,0.03879421084182577
2025-12-19,600089,21.26638328,20.843475341796875,22.75168572,-0.019886218198693406,0.06984273820536546
2025-12-19,600316,30.88660113,32.80741500854492,32.30552619,0.06218922795876192,0.045939825299256
2025-12-19,600276,59.7561,58.06719970703125,61.150409,-0.02826322823893712,0.023333333333333428
2025-12-19,600406,22.4400535,21.980754852294922,22.48904925,-0.02046780537778481,0.0021834061135370675
2025-12-19,600428,7.0047313,6.776796817779541,6.995016,-0.03254007505190948,-0.001386962552011206
2025-12-19,600547,36.81916882,33.546958923339844,38.68544106,-0.0888724542549344,0.050687516850903336
2025-12-19,600489,22.72,18.85625648498535,23.2,-0.1700591335833912,0.021126760563380254
2025-12-19,601808,13.46782788,13.185328483581543,13.4873748,-0.02097586922966055,0.0014513788098693414
2025-12-19,601872,8.74211136,8.255144119262695,8.77164552,-0.05570361903252008,0.0033783783783782884
2025-12-19,600968,3.66920932,3.567376136779785,3.65960406,-0.027753440684113118,-0.002617801047120505
2025-12-26,300164,5.47,5.097192764282227,5.87,-0.06815488769977573,0.07312614259597816
2025-12-26,300191,18.25195848,17.392478942871094,18.99082332,-0.04708971577327992,0.040481400437636816
2025-12-26,300760,199.3895141,210.52476501464844,197.578052,0.055846722757264766,-0.009085041950057104
2025-12-26,600026,11.4803757,10.966310501098633,11.39266485,-0.04477773309294808,-0.007640067911714787
2025-12-26,688008,121.0703791,121.8934326171875,127.50816925,0.006798141075511799,0.05317394888705684
2025-12-26,600089,22.75168572,23.485218048095703,22.50577472,0.03224079029233806,-0.01080847384349326
2025-12-26,600316,32.30552619,34.174766540527344,34.5738078,0.057861318819996566,0.0702134240643364
2025-12-26,600276,61.150409,58.619171142578125,62.8235798,-0.041393637406773154,0.02736156351791519
2025-12-26,600406,22.48904925,21.75778579711914,22.68503225,-0.03251642364920604,0.008714596949890963
2025-12-26,600428,6.995016,6.806539058685303,6.8687171,-0.02694446178746368,-0.018055555555555602
2025-12-26,600547,38.68544106,35.79352951049805,39.89653262,-0.07475451927810994,0.031306132922761076
2025-12-26,600489,23.2,21.893014907836914,24.22,-0.05633556431737441,0.043965517241379315
2025-12-26,601808,13.4873748,13.218317985534668,13.81967244,-0.019948790513727777,0.02463768115942022
2025-12-26,601872,8.77164552,8.23009204864502,8.83071384,-0.06173909674304534,0.006734006734006703
2025-12-26,600968,3.65960406,3.585491418838501,3.66920932,-0.020251546327527792,0.002624671916010568
2026-01-02,300164,5.52,5.159393310546875,6.57,-0.06532729881397181,0.1902173913043479
2026-01-02,300191,18.45165168,17.346357345581055,20.00925864,-0.059902189440145914,0.08441558441558428
2026-01-02,300760,188.5207415,200.76119995117188,201.6167216,0.06492897467821535,0.06946705171961143
2026-01-02,600026,11.3829192,11.14888858795166,12.38672115,-0.020559806139038517,0.08818493150684925
2026-01-02,688008,117.5770046,113.00399780273438,132.12940466,-0.038893717464763666,0.12376910016977938
2026-01-02,600089,21.85656968,20.375919342041016,24.53208136,-0.06774394882806622,0.12241224122412242
2026-01-02,600316,34.88357313,36.12229919433594,38.93050728,0.035510297632630694,0.1160126038384417
2026-01-02,600276,59.32784795,59.88525390625,63.5207343,0.009395351011548092,0.0706731576296793
2026-01-02,600406,22.0284892,22.03656578063965,23.2043872,0.00036664251308016205,0.053380782918149405
2026-01-02,600428,6.897863,6.399788856506348,6.9270089,-0.072207021724504,0.004225352112676051
2026-01-02,600547,38.42733958,36.67482376098633,43.44046448,-0.0456059627902472,0.13045724618961518
2026-01-02,600489,23.36,21.585620880126953,24.93,-0.07595801026853799,0.06720890410958913
2026-01-02,601808,13.72193784,14.01827621459961,14.21061084,0.021595956639285374,0.03561253561253541
2026-01-02,601872,8.84055856,8.404891014099121,9.67735976,-0.04928054522166736,0.09465478841870834
2026-01-02,600968,3.68841984,3.642928123474121,3.7460514,-0.012333660076472963,0.015625
2026-01-09,300164,6.03,5.749366283416748,8.06,-0.04653958815642656,0.33665008291873977
2026-01-09,300191,19.45011768,20.352718353271484,22.34566908,0.04640592350757866,0.14887063655030786
2026-01-09,300760,199.6666777,204.98980712890625,202.0126696,0.026660079139015247,0.011749541420851717
2026-01-09,600026,12.2210451,10.786720275878906,13.92653385,-0.11736515268412628,0.1395534290271132
2026-01-09,688008,131.82997256,124.65192413330078,134.9440664,-0.054449290152375984,0.02362204724409467
2026-01-09,600089,23.6566382,21.76795768737793,28.02401756,-0.07983723201304527,0.18461538461538463
2026-01-09,600316,37.76139297,35.529823303222656,41.60847852,-0.05909659287596314,0.10187880391637982
2026-01-09,600276,63.341466,62.09726333618164,62.91321395,-0.019642782878096843,-0.006761006289308091
2026-01-09,600406,23.13579315,22.3890380859375,23.321977,-0.03227704618644123,0.008047437526471857
2026-01-09,600428,6.8784324,6.53149938583374,7.3059056,-0.05043780239321105,0.062146892655367214
2026-01-09,600547,41.07784324,37.942047119140625,47.11344708,-0.07633789589531947,0.1469308844852586
2026-01-09,600489,24.25,20.9063777923584,26.2,-0.13788132815016918,0.08041237113402055
2026-01-09,601808,13.9760478,14.053840637207031,15.20750376,0.005566154203267004,0.08811188811188808
2026-01-09,601872,9.4509312,8.584027290344238,11.21313608,-0.09172682472344751,0.1864583333333334
2026-01-09,600968,3.71723562,3.702136278152466,3.80368296,-0.004061981373011281,0.023255813953488413
2026-01-16,300164,8.06,6.258030414581299,7.64,-0.22356942747130293,-0.052109181141439254
2026-01-16,300191,22.34566908,19.924713134765625,23.09451858,-0.10834117056719494,0.03351206434316345
2026-01-16,300760,202.0126696,206.8571319580078,191.539845,0.02398098281459382,-0.051842414739317944
2026-01-16,600026,13.92653385,12.306658744812012,14.0532273,-0.11631574106201514,0.009097270818754222
2026-01-16,688008,134.9440664,125.85924530029297,167.5821653,-0.06732286451764302,0.24186390532544388
2026-01-16,600089,28.02401756,24.003042221069336,28.4273116,-0.1434831865317553,0.014391014391014423
2026-01-16,600316,41.60847852,39.96638870239258,40.968963,-0.03946526948391338,-0.015369836695484973
2026-01-16,600276,62.91321395,62.05440139770508,59.1983764,-0.013650749951790053,-0.05904701598860218
2026-01-16,600406,23.321977,22.444917678833008,24.7918495,-0.037606559734065126,0.06302521008403361
2026-01-16,600428,7.3059056,6.714682579040527,7.383628,-0.08092398852778393,0.010638297872340496
2026-01-16,600547,47.11344708,40.76879119873047,50.12132202,-0.1346676219741706,0.0638432364096082
2026-01-16,600489,26.2,22.899070739746094,29.18,-0.1259896664219048,0.11374045801526722
2026-01-16,601808,15.20750376,13.711111068725586,15.2954649,-0.09839831144479783,0.005784061696658238
2026-01-16,601872,11.21313608,8.0950927734375,10.88826032,-0.27807058474247104,-0.028972783143107916
2026-01-16,600968,3.80368296,3.6856813430786133,4.07263024,-0.031022989603052165,0.0707070707070705
2026-01-23,300164,7.64,5.680627346038818,13.24,-0.25646238926193476,0.7329842931937174
2026-01-23,300191,23.09451858,20.648019790649414,35.88486804,-0.10593417571688502,0.5538261997405967
2026-01-23,300760,191.539845,201.38491821289062,191.4210606,0.05139960937574428,-0.0006201550387597843
2026-01-23,600026,14.0532273,12.371273040771484,15.3201618,-0.11968455525006094,0.09015256588072118
2026-01-23,688008,167.5821653,140.59088134765625,161.87299326,-0.16106298605239322,-0.03406789755807049
2026-01-23,600089,28.4273116,25.24724578857422,27.2469388,-0.11186656888883506,-0.04152249134948094
2026-01-23,600316,40.968963,36.48345184326172,41.3686602,-0.10948559173289996,0.009756097560975618
2026-01-23,600276,59.1983764,56.782142639160156,57.87378285,-0.04081587887670246,-0.022375504710632654
2026-01-23,600406,24.7918495,22.696693420410156,24.6154648,-0.08450987408542654,-0.007114624505928813
2026-01-23,600428,7.383628,6.629583358764648,7.6556564,-0.10212386664595663,0.03684210526315779
2026-01-23,600547,50.12132202,40.796043395996094,60.16742578,-0.18605412323886483,0.20043572984749458
2026-01-23,600489,29.18,22.598487854003906,41.0,-0.2255487370115179,0.4050719671007539
2026-01-23,601808,15.2954649,13.782964706420898,16.82012466,-0.09888553263778876,0.09968051118210863
2026-01-23,601872,10.88826032,9.51626205444336,10.85872616,-0.12600711456507874,-0.002712477396021762
2026-01-23,600968,4.07263024,3.7960140705108643,4.69697214,-0.0679207669707661,0.15330188679245293
2026-01-30,300164,13.24,8.236494064331055,11.52,-0.37790830329825875,-0.12990936555891242
2026-01-30,300191,35.88486804,23.467220306396484,31.09223124,-0.34604133752872834,-0.13355592654424042
2026-01-30,300760,191.4210606,196.89340209960938,190.154027,0.028587980248654832,-0.006619091943323996
2026-01-30,600026,15.3201618,12.825189590454102,15.7489704,-0.16285547385967536,0.027989821882951738
2026-01-30,688008,161.87299326,147.212890625,167.83169205,-0.09056546332872817,0.03681095079541241
2026-01-30,600089,27.2469388,25.820789337158203,27.17808372,-0.05234164003927644,-0.002527075812274293
2026-01-30,600316,41.3686602,37.897708892822266,45.8652537,-0.0839029180639922,0.10869565217391286
2026-01-30,600276,57.87378285,57.877037048339844,57.9235796,5.6229231607085595e-05,0.0008604371020477508
2026-01-30,600406,24.6154648,23.313404083251953,24.7330546,-0.05289604430902517,0.004777070063694211
2026-01-30,600428,7.6556564,6.919922828674316,7.3739127,-0.09610326442102124,-0.03680203045685282
2026-01-30,600547,60.16742578,44.23402404785156,45.48542236,-0.2648177402571342,-0.2440191387559809
2026-01-30,600489,41.0,23.090660095214844,29.92,-0.4368131684093941,-0.2702439024390243
2026-01-30,601808,16.82012466,14.692136764526367,15.13908954,-0.12651439501719086,-0.09994189424753053
2026-01-30,601872,10.85872616,9.672538757324219,11.4690988,-0.10923817261782587,0.05621033544877596
2026-01-30,600968,4.69697214,3.9654407501220703,4.04381446,-0.15574531167603,-0.13905930470347638
2026-02-06,300164,11.52,8.383807182312012,10.91,-0.2722389598687489,-0.05295138888888884
2026-02-06,300191,31.09223124,24.993946075439453,30.0039033,-0.19613533417682594,-0.03500321130378936
2026-02-06,300760,190.154027,199.84034729003906,186.09556,0.050939338192606654,-0.02134305049453411
2026-02-06,600026,15.7489704,12.065119743347168,18.25360245,-0.23391057085565614,0.15903465346534662
2026-02-06,688008,167.83169205,147.7653350830078,167.79176777,-0.11956238253865703,-0.00023788284269987692
2026-02-06,600089,27.17808372,24.565765380859375,28.44698448,-0.09611856251727757,0.04668838219326821
2026-02-06,600316,45.8652537,40.44158172607422,43.23724461,-0.11825230509791729,-0.05729847494553375
2026-02-06,600276,57.9235796,57.87448501586914,58.5012219,-0.0008475751061982617,0.009972489683631292
2026-02-06,600406,24.7330546,23.326261520385742,25.9677475,-0.05687906740052473,0.049920760697306
2026-02-06,600428,7.3739127,6.981109142303467,7.8791083,-0.05326935287646317,0.06851119894598168
2026-02-06,600547,45.48542236,43.51395034790039,46.6071711,-0.043342941756067455,0.024661719773025004
2026-02-06,600489,29.92,25.93705177307129,30.61,-0.13311992737061207,0.023061497326203106
2026-02-06,601808,15.13908954,14.209450721740723,15.74504406,-0.06140652090094434,0.04002582311168501
2026-02-06,601872,11.4690988,10.085037231445312,13.01471984,-0.12067744752139431,0.13476394849785422
2026-02-06,600968,4.04381446,3.9998748302459717,4.30315648,-0.010865886698972926,0.06413301662707838
2026-02-13,300164,10.91,7.836338043212891,15.07,-0.281728868633099,0.3813015582034831
2026-02-13,300191,30.0039033,24.789270401000977,36.80345676,-0.173798483712585,0.22662229617304508
2026-02-13,300760,186.09556,191.87680053710938,184.0366304,0.031065977807903433,-0.01106382978723408
2026-02-13,600026,18.25360245,14.07552719116211,20.0565477,-0.22889044890083543,0.09877202349172465
2026-02-13,688008,167.79176777,152.8381805419922,163.24039985,-0.08911990991420626,-0.027125096662899417
2026-02-13,600089,28.44698448,25.33415985107422,29.84375896,-0.10942546937142994,0.04910096818810494
2026-02-13,600316,43.23724461,38.88861846923828,41.32869048,-0.1005759312367458,-0.04414143748555577
2026-02-13,600276,58.5012219,58.28217315673828,56.3300836,-0.0037443447529378338,-0.03711270003404832
2026-02-13,600406,25.9677475,24.203289031982422,26.7516795,-0.06794807551242477,0.030188679245283012
2026-02-13,600428,7.8791083,7.493046283721924,8.1219908,-0.048998186289440415,0.03082614056720101
2026-02-13,600547,46.6071711,42.81974792480469,46.96454238,-0.08126267022448219,0.007667731629392938
2026-02-13,600489,30.61,28.825178146362305,31.84,-0.05830845650564176,0.04018294674942835
2026-02-13,601808,15.74504406,14.60367202758789,16.48782702,-0.07249087573605106,0.0471756672873993
2026-02-13,601872,13.01471984,8.906496047973633,15.98782528,-0.31565979464267646,0.22844175491679275
2026-02-13,600968,4.30315648,3.9139394760131836,4.39920908,-0.09044918672974134,0.022321428571428603
2026-02-20,300164,10.68,8.906418800354004,18.08,-0.16606565539756513,0.6928838951310861
2026-02-20,300191,29.04537594,25.31327247619629,44.16215118,-0.12849217278210623,0.5204537641801308
2026-02-20,300760,183.8881499,190.9989776611328,181.839119,0.03866930938725388,-0.01114281100285297
2026-02-20,600026,16.51887675,13.804458618164062,22.0641516,-0.1643221977448278,0.3356932153392329
2026-02-20,688008,164.2884122,147.9400177001953,159.13818008,-0.09951033235321938,-0.03134872417982992
2026-02-20,600089,28.279765,25.552818298339844,30.97494956,-0.09642748805232848,0.09530434782608688
2026-02-20,600316,43.04738844,41.01883316040039,43.25722947,-0.04712377110697519,0.004874651810584885
2026-02-20,600276,57.99329505,55.966339111328125,54.3182949,-0.034951556674341355,-0.06336939721792889
2026-02-20,600406,25.60517895,24.209016799926758,27.76099195,-0.0545265531164445,0.0841944125526215
2026-02-20,600428,7.577934,7.269553184509277,8.2288591,-0.040694576581258524,0.08589743589743581
2026-02-20,600547,45.0684892,42.04971694946289,51.65007694,-0.0669818825552535,0.1460352422907487
2026-02-20,600489,29.51,27.956727981567383,35.02,-0.052635446236279915,0.18671636733310737
2026-02-20,601808,15.4420668,14.341780662536621,18.13954176,-0.07125251766579443,0.1746835443037975
2026-02-20,601872,12.00071368,10.195261001586914,17.58266992,-0.15044544237581425,0.46513535684987706
2026-02-20,600968,4.14947232,3.883887767791748,4.84105104,-0.06400441591769723,0.16666666666666674
2026-02-27,300164,14.81,8.537307739257812,22.41,-0.4235443795234428,0.513166779203241
2026-02-27,300191,37.42250568,25.771623611450195,46.7282088,-0.3113335640370142,0.2486659551760939
2026-02-27,300760,185.3828536,194.94822692871094,174.415094,0.05159793984696193,-0.059162750961127664
2026-02-27,600026,19.9201086,13.92486572265625,24.3446337,-0.3009643670990704,0.22211350293542087
2026-02-27,688008,164.80742784,147.74050903320312,152.34107141,-0.10355673303369528,-0.07564195736434098
2026-02-27,600089,30.07983352,26.494853973388672,32.24385032,-0.11918216050722774,0.07194244604316546
2026-02-27,600316,41.30870562,39.098018646240234,41.20878132,-0.05351624894994145,-0.002418964683115532
2026-02-27,600276,56.4894332,54.894989013671875,53.5016282,-0.028225529908983527,-0.052891396332863216
2026-02-27,600406,26.8888676,23.942975997924805,28.91729165,-0.10955803888428517,0.07543731778425644
2026-02-27,600428,8.1899979,7.415675163269043,8.1802826,-0.09454492494203903,-0.0011862396204033177
2026-02-27,600547,46.2597268,42.308570861816406,46.5079013,-0.08541243564334233,0.005364806866952732
2026-02-27,600489,31.07,25.871028900146484,31.9,-0.1673309011861447,0.02671387190215646
2026-02-27,601808,16.49760048,15.141660690307617,19.3514508,-0.08219012160805961,0.1729857819905214
2026-02-27,601872,15.3577632,9.713247299194336,17.18888112,-0.3675350262468994,0.11923076923076925
2026-02-27,600968,4.3703933,3.9483284950256348,5.02355098,-0.0965736436064839,0.14945054945054959
2026-03-06,300164,22.41,13.556995391845703,19.76,-0.39504705971237375,-0.1182507809013833
2026-03-06,300191,46.7282088,29.973133087158203,45.5799729,-0.35856447621509935,-0.024572649572649485
2026-03-06,300760,174.415094,189.14686584472656,176.3750366,0.08446385864245531,0.011237230419977262
2026-03-06,600026,24.3446337,15.7180757522583,21.89847555,-0.35435151968385126,-0.10048038430744588
2026-03-06,688008,152.34107141,141.2035675048828,147.57011995,-0.07310900338322102,-0.031317565354124444
2026-03-06,600089,32.24385032,28.697912216186523,30.33558096,-0.10997253952683272,-0.05918242830994502
2026-03-06,600316,41.20878132,37.37340545654297,39.71990925,-0.09307180995414677,-0.036129970902036845
2026-03-06,600276,53.5016282,52.50558853149414,55.0752055,-0.018616997314221173,0.02941176470588247
2026-03-06,600406,28.91729165,24.64311408996582,29.6130313,-0.14780698039659534,0.024059640799728887
2026-03-06,600428,8.1802826,6.904104709625244,7.9568307,-0.15600657737359291,-0.027315914489311144
2026-03-06,600547,46.5079013,42.920860290527344,46.5575362,-0.07712756132198673,0.0010672358591248265
2026-03-06,600489,31.9,26.742355346679688,31.34,-0.1616816505743044,-0.017554858934169193
2026-03-06,601808,19.3514508,15.575819969177246,17.62154838,-0.19510841175912008,-0.08939393939393936
2026-03-06,601872,17.18888112,12.023801803588867,15.72201784,-0.3004895595212037,-0.08533791523482259
2026-03-06,600968,5.02355098,4.284878253936768,4.64894584,-0.14704194881351296,-0.07456978967495231
2026-03-13,300164,19.76,13.086380958557129,20.45,-0.3377337571580401,0.03491902834008087
2026-03-13,300191,45.5799729,27.751188278198242,42.3848817,-0.3911539100937411,-0.07009857612267256
2026-03-13,300760,176.3750366,189.77891540527344,170.1190582,0.07599646221858514,-0.035469749691323216
2026-03-13,600026,21.89847555,16.95037078857422,23.12642745,-0.2259565854311617,0.05607476635514019
2026-03-13,688008,147.57011995,133.27679443359375,149.39665576,-0.09685785659894519,0.01237740953669264
2026-03-13,600089,30.33558096,26.913619995117188,27.67974216,-0.11280354147148053,-0.08754863813229574
2026-03-13,600316,39.71990925,36.26594543457031,37.04193801,-0.086957998662338,-0.0674213836477987
2026-03-13,600276,55.0752055,53.80133819580078,55.7922787,-0.02312959693267458,0.013019891500904102
2026-03-13,600406,29.6130313,25.29681396484375,27.25143615,-0.14575398551502727,-0.07974851091992052
2026-03-13,600428,7.9568307,7.189778804779053,7.7916706,-0.09640168606590405,-0.020757020757020794
2026-03-13,600547,46.5575362,41.97315216064453,40.3531737,-0.09846706706433206,-0.13326226012793185
2026-03-13,600489,31.34,26.07039451599121,26.7,-0.1681431232931968,-0.14805360561582648
2026-03-13,601808,17.62154838,17.292856216430664,16.99604694,-0.018652853681257242,-0.03549639489739331
2026-03-13,601872,15.72201784,12.257179260253906,17.38577552,-0.22038129043021704,0.10582341891045699
2026-03-13,600968,4.64894584,4.232089042663574,4.47605116,-0.08966695067723685,-0.037190082644628086
2026-03-20,300164,20.45,13.02127742767334,17.5,-0.3632627174731863,-0.1442542787286063
2026-03-20,300191,42.3848817,32.04093933105469,37.8418614,-0.24404792355348992,-0.1071849234393405
2026-03-20,300760,170.1190582,180.63275146484375,162.635641,0.06180197196062154,-0.04398929361107895
2026-03-20,600026,23.12642745,17.11528778076172,23.2921035,-0.25992513033993425,0.0071639275179098405
2026-03-20,688008,149.39665576,133.2799835205078,136.73067793,-0.10787840033971707,-0.0847808658471404
2026-03-20,600089,27.67974216,24.806400299072266,27.85679808,-0.10380667003033006,0.006396588486140775
2026-03-20,600316,37.04193801,35.3039665222168,40.60923552,-0.04691902155103267,0.09630428918262735
2026-03-20,600276,55.7922787,54.32403564453125,51.42012405,-0.026316241058437884,-0.0783648696893966
2026-03-20,600406,27.25143615,25.91827964782715,26.44790585,-0.04892059614160382,-0.029485796476087733
2026-03-20,600428,7.7916706,7.254810333251953,8.5397487,-0.06890181763433978,0.09600997506234421
2026-03-20,600547,40.3531737,36.928958892822266,37.75230494,-0.08485614620140114,-0.06445264452644517
2026-03-20,600489,26.7,25.88520050048828,25.04,-0.03051683518770476,-0.062172284644194775
2026-03-20,601808,16.99604694,16.33946990966797,16.3216782,-0.03863116127237709,-0.03967797584818855
2026-03-20,601872,17.38577552,13.447617530822754,16.43083768,-0.2265160955659944,-0.05492638731596822
2026-03-20,600968,4.47605116,4.306013107299805,4.4664459,-0.03798840688411509,-0.0021459227467810482
2026-03-27,300164,17.5,14.371227264404297,15.72,-0.1787870134626116,-0.10171428571428565
2026-03-27,300191,37.8418614,30.351234436035156,38.53080294,-0.19794552082907957,0.018205804749340526
2026-03-27,300760,162.635641,186.02713012695312,160.754888,0.14382757053205286,-0.011564211807668867
2026-03-27,600026,23.2921035,20.406417846679688,23.65269255,-0.1238911570747705,0.015481171548117123
2026-03-27,688008,136.73067793,125.50968933105469,128.755803,-0.08206635678856189,-0.058325425213519466
2026-03-27,600089,27.85679808,26.68075180053711,25.74196348,-0.042217568440044206,-0.07591807909604531
2026-03-27,600316,40.60923552,37.8807487487793,38.43088578,-0.06718882382991243,-0.05364173228346458
2026-03-27,600276,51.42012405,54.58916473388672,57.13679095,0.06163035858889021,0.11117567305829934
2026-03-27,600406,26.44790585,25.27828598022461,25.56598235,-0.04422353423401171,-0.033345683586513575
2026-03-27,600428,8.5397487,7.95257568359375,9.326688,-0.06875764580827193,0.0921501706484642
2026-03-27,600547,37.75230494,36.420875549316406,39.73770094,-0.03526749936989659,0.05259006047856962
2026-03-27,600489,25.04,21.437284469604492,26.4,-0.14387841575061933,0.054313099041533475
2026-03-27,601808,16.3216782,15.302555084228516,15.7841379,-0.06243984860401708,-0.03293413173652704
2026-03-27,601872,16.43083768,14.134427070617676,19.16766984,-0.13976223574879376,0.1665668064709407
2026-03-27,600968,4.4664459,4.201034069061279,4.4184196,-0.05942349619385756,-0.010752688172043001
2026-04-03,300164,15.72,14.287487983703613,14.57,-0.09112671859391774,-0.07315521628498733
2026-04-03,300191,38.53080294,31.897098541259766,41.3364924,-0.17216626419828862,0.07281679191500379
2026-04-03,300760,160.754888,170.18447875976562,156.5776366,0.05865818997532202,-0.025985221674876824
2026-04-03,600026,23.65269255,19.665998458862305,23.49676215,-0.16855138512074797,-0.006592501030078357
2026-04-03,688008,128.755803,122.6982650756836,143.25829771,-0.04704671776476277,0.11263565891472882
2026-04-03,600089,25.74196348,25.014362335205078,26.64691596,-0.028265176638923584,0.03515475735575091
2026-04-03,600316,38.43088578,38.04323196411133,37.39167306,-0.01008703827717683,-0.027041081643265574
2026-04-03,600276,57.13679095,57.78584289550781,56.8280511,0.011359614964651987,-0.005403521004008982
2026-04-03,600406,25.56598235,24.75542640686035,25.8305594,-0.031704470888037184,0.010348792640858528
2026-04-03,600428,9.326688,8.108470916748047,8.8894995,-0.13061625769533125,-0.04687500000000011
2026-04-03,600547,39.73770094,37.1446533203125,39.9064596,-0.06525409267140914,0.004246814888833272
2026-04-03,600489,26.4,23.151432037353516,27.42,-0.12305181676691224,0.0386363636363638
2026-04-03,601808,15.7841379,14.744074821472168,15.4909341,-0.06589292903528365,-0.018575851393188736
2026-04-03,601872,19.16766984,14.224761962890625,18.78372576,-0.25787734859634737,-0.02003081664098605
2026-04-03,600968,4.4184196,4.265127658843994,4.2743407,-0.03469383966067996,-0.03260869565217395
2026-04-10,300164,14.35,13.972667694091797,13.64,-0.026294934209630805,-0.049477351916376255
2026-04-10,300191,38.72051148,33.972328186035156,37.05307326,-0.12262708090561725,-0.043063434760185704
2026-04-10,300760,154.716681,164.44635009765625,158.8345402,0.06288700762431843,0.026615483045425492
2026-04-10,600026,24.9098814,20.209430694580078,21.43068435,-0.18869823705463007,-0.13967136150234738
2026-04-10,688008,138.90655119,132.7126007080078,150.714157,-0.04459077292560465,0.08500395200114985
2026-04-10,600089,26.29280412,23.08346939086914,27.4928498,-0.12206133337788916,0.04564160119715677
2026-04-10,600316,36.93202128,36.5741081237793,39.08039373,-0.009691133705008625,0.058170995670995485
2026-04-10,600276,56.7284576,55.67475891113281,57.23638445,-0.018574428663246212,0.008953651685393416
2026-04-10,600406,25.4385934,24.23180389404297,26.33031605,-0.04743931737817819,0.03505392912172578
2026-04-10,600428,9.2101044,8.231756210327148,8.8506383,-0.1062255265719737,-0.039029535864978926
2026-04-10,600547,40.96864646,36.92388916015625,38.9633965,-0.09872811648275659,-0.04894596559244002
2026-04-10,600489,27.78,26.168987274169922,27.07,-0.05799181878438009,-0.025557955363570972
2026-04-10,601808,15.35410566,14.91888427734375,14.99248764,-0.028345602947755788,-0.02355187778485035
2026-04-10,601872,19.443322,13.847942352294922,17.79925376,-0.287778994129968,-0.08455696202531637
2026-04-10,600968,4.20710388,4.026076316833496,4.1302618,-0.043029021467020145,-0.01826484018264829
2026-04-17,300164,13.64,12.1279878616333,13.9,-0.11085132979228007,0.019061583577712593
2026-04-17,300191,37.05307326,33.90253448486328,43.0838079,-0.085027731789736,0.162759364052816
2026-04-17,300760,158.8345402,176.60311889648438,159.4086648,0.11186848071024524,0.0036146080019943128
2026-04-17,600026,21.43068435,18.469179153442383,20.90441925,-0.13818994989572586,-0.024556616643929052
2026-04-17,688008,150.714157,143.32901000976562,159.3976879,-0.04900101713891669,0.057615894039735105
2026-04-17,600089,27.4928498,26.805999755859375,27.22726592,-0.02498286096702218,-0.009660107334525825
2026-04-17,600316,39.08039373,34.073238372802734,41.25874347,-0.12812448594532788,0.05574021989261069
2026-04-17,600276,57.23638445,55.17665481567383,56.170734,-0.03598636870792382,-0.018618409605011266
2026-04-17,600406,26.33031605,25.206708908081055,26.40870925,-0.042673515190067235,0.0029772981019724476
2026-04-17,600428,8.8506383,8.064841270446777,8.8020618,-0.08878422130901253,-0.005488474204171201
2026-04-17,600547,38.9633965,37.276241302490234,35.57829632,-0.04330102991688023,-0.08687898089171975
2026-04-17,600489,27.07,24.82384490966797,25.83,-0.08297580680945815,-0.04580716660509798
2026-04-17,601808,14.99248764,14.785325050354004,14.89475304,-0.013817759575354693,-0.006518904823989646
2026-04-17,601872,17.79925376,17.203842163085938,17.24794944,-0.03345149212109788,-0.030973451327433676
2026-04-17,600968,4.1302618,3.991997718811035,4.10144602,-0.033475863730711986,-0.006976744186046657
2026-04-24,300164,13.9,11.616239547729492,13.48,-0.16429931311298618,-0.030215827338129442
2026-04-24,300191,43.0838079,33.57746124267578,43.31345508,-0.22064778209458635,0.005330243337195784
2026-04-24,300760,159.4086648,164.76971435546875,166.694108,0.033630854145820344,0.0457029309488326
2026-04-24,600026,20.90441925,18.956384658813477,21.04085835,-0.09318769241515878,0.006526806526806483
2026-04-24,688008,159.3976879,149.35186767578125,172.9719431,-0.06302362572863107,0.08515967438948024
2026-04-24,600089,27.22726592,24.816022872924805,26.38133208,-0.08855986694220364,-0.03106936416184969
2026-04-24,600316,41.25874347,37.82600021362305,36.58228623,-0.08320038294120524,-0.11334463550496487
2026-04-24,600276,56.170734,55.46371841430664,53.6609778,-0.012586903096074242,-0.04468085106382991
2026-04-24,600406,26.40870925,25.656051635742188,25.44839255,-0.028500355967144175,-0.036363636363636376
2026-04-24,600428,8.8020618,7.720324993133545,8.3162968,-0.12289584320646962,-0.05518763796909498
2026-04-24,600547,35.57829632,35.095184326171875,34.12895724,-0.013578840017602234,-0.040736607142857206
2026-04-24,600489,25.83,23.913002014160156,25.96,-0.07421594989701286,0.005032907471931969
2026-04-24,601808,14.89475304,14.761518478393555,14.7579246,-0.008945066846603122,-0.009186351706036655
2026-04-24,601872,17.24794944,15.77031135559082,17.3267072,-0.0856703627030796,0.004566210045662267
2026-04-24,600968,4.10144602,3.995006561279297,4.25513018,-0.025951690745573464,0.0374707259953162
2026-05-01,300164,13.48,13.256385803222656,12.7,-0.01658859026538162,-0.05786350148367958
2026-05-01,300191,43.31345508,36.49654769897461,36.4939323,-0.1573854445099,-0.1574458275703089
2026-05-01,300760,166.694108,172.26190185546875,164.7044693,0.03340126368154994,-0.0119358669833729
2026-05-01,600026,21.04085835,18.911264419555664,21.58661475,-0.10121231249315155,0.025937934228809523
2026-05-01,688008,172.9719431,162.39901733398438,240.2443549,-0.061125091020704514,0.38892094633583363
2026-05-01,600089,26.38133208,25.660852432250977,28.46665736,-0.027310207292194577,0.07904548844146153
2026-05-01,600316,36.58228623,37.473480224609375,34.19409546,0.024361353169844557,-0.06528270964217431
2026-05-01,600276,53.6609778,54.38862228393555,55.88191285,0.013560030282108393,0.04138827023014113
2026-05-01,600406,25.44839255,25.45499038696289,26.3597135,0.00025926340730264563,0.03581055063534855
2026-05-01,600428,8.3162968,7.902492046356201,7.9276848,-0.049758295500444194,-0.04672897196261683
2026-05-01,600547,34.12895724,33.54314041137695,34.57567134,-0.017164803029389164,0.01308900523560208
2026-05-01,600489,25.96,23.320186614990234,26.83,-0.10168772669529147,0.033513097072418896
2026-05-01,601808,14.7579246,14.765772819519043,13.98582126,0.0005317969654785593,-0.05231788079470201
2026-05-01,601872,17.3267072,15.117303848266602,17.51375688,-0.12751432376795746,0.010795454545454497
2026-05-01,600968,4.25513018,4.095667839050293,3.9861829,-0.03747531431569673,-0.06320541760722342
2026-05-08,300164,12.8,11.359236717224121,12.25,-0.11255963146686554,-0.04296875
2026-05-08,300191,36.90330336,34.74829864501953,37.77196878,-0.05839598406565172,0.023538961038960915
2026-05-08,300760,168.772835,173.2545623779297,159.6066388,0.02655479110681358,-0.054310850439882596
2026-05-08,600026,22.11287985,20.33648109436035,22.22982765,-0.08033321610254429,0.00528867342441619
2026-05-08,688008,209.51264037,168.77621459960938,264.57820356,-0.1944342150356655,0.2628269258253537
2026-05-08,600089,27.3453032,26.060039520263672,27.30595744,-0.04700125905849628,-0.0014388489208633226
2026-05-08,600316,36.54231651,37.3740119934082,33.58455723,0.022759790917486145,-0.08094066174459935
2026-05-08,600276,53.4617908,55.218780517578125,54.0991892,0.03286440074839625,0.011922503725782407
2026-05-08,600406,25.9089526,25.235755920410156,26.72228205,-0.025983168443090343,0.03139183055975803
2026-05-08,600428,8.2385744,7.71864652633667,8.0928449,-0.06310896138333466,-0.017688679245283057
2026-05-08,600547,35.70734706,34.32071304321289,33.34472582,-0.03883329709309147,-0.06616624965248807
2026-05-08,600489,27.75,24.9052791595459,26.02,-0.10251246271906678,-0.06234234234234237
2026-05-08,601808,14.10310278,13.740652084350586,13.80012552,-0.025700067659112258,-0.021483021483021503
2026-05-08,601872,18.14381896,15.666794776916504,17.720496,-0.13652165448433773,-0.023331524688008698
2026-05-08,600968,3.9861829,3.9283180236816406,4.02460394,-0.014516362587968401,0.009638554216867545
2026-05-15,300164,12.25,12.633715629577637,11.7,0.03132372486348056,-0.044897959183673564
2026-05-15,300191,37.77196878,36.9771614074707,37.13295054,-0.021042254301294028,-0.016917790113666342
2026-05-15,300760,159.6066388,170.912109375,156.6568262,0.07083333538003167,-0.01848176631108911
2026-05-15,600026,22.22982765,21.18572235107422,22.0446603,-0.046968663696579815,-0.008329679964927728
2026-05-15,688008,264.57820356,181.12313842773438,261.67371219,-0.31542683414335004,-0.010977818017202434
2026-05-15,600089,27.30595744,26.0689697265625,25.48621604,-0.045301019609202964,-0.06664265129683
2026-05-15,600316,33.58455723,34.22878646850586,31.13641188,0.019182305548765433,-0.0728949717346028
2026-05-15,600276,54.0991892,55.780601501464844,51.24085575,0.03108017562423737,-0.052835051546391676
2026-05-15,600406,26.72228205,25.701404571533203,25.1446189,-0.03820322967015455,-0.05903923725705906
2026-05-15,600428,8.0928449,7.539379119873047,7.6459411,-0.06838952024484646,-0.055222088835534144
2026-05-15,600547,33.34472582,32.2728157043457,29.3838608,-0.03214631667510581,-0.1187853527835665
2026-05-15,600489,26.02,24.89775276184082,22.78,-0.04313017825361953,-0.12451960030745579
2026-05-15,601808,13.80012552,13.718531608581543,13.37009328,-0.005912548498215209,-0.031161473087818692
2026-05-15,601872,17.720496,15.98532485961914,17.5236016,-0.09791888107312907,-0.011111111111111183
2026-05-15,600968,4.02460394,3.985828399658203,3.90934082,-0.009634622665950388,-0.02863961813842486
2026-05-22,300164,11.7,11.371110916137695,10.35,-0.028110178107889183,-0.11538461538461531
2026-05-22,300191,37.13295054,35.420040130615234,33.6,-0.046129122099780484,-0.09514327540964651
2026-05-22,300760,156.6568262,171.2747039794922,150.78,0.09331146387984313,-0.03751401290676737
2026-05-22,600026,22.0446603,19.169523239135742,19.34511525,-0.1304232871696489,-0.12245800176834665
2026-05-22,688008,261.67371219,212.84716796875,260.48596486,-0.18659323404177985,-0.004539039554487423
2026-05-22,600089,25.48621604,22.87006378173828,25.48621604,-0.10264969323636475,0.0
2026-05-22,600316,31.13641188,34.20050811767578,29.70749439,0.09840877778354273,-0.04589216944801022
2026-05-22,600276,51.24085575,55.718387603759766,48.0,0.08738206628720802,-0.06324749465176527
2026-05-22,600406,25.1446189,24.39650535583496,24.5958665,-0.02975243121163551,-0.021823850350740526
2026-05-22,600428,7.6459411,7.380560398101807,7.3253362,-0.034708703405810115,-0.041931385006353294
2026-05-22,600547,29.3838608,30.963857650756836,28.74853408,0.053770907149030434,-0.021621621621621734
2026-05-22,600489,22.78,20.235855102539062,22.39,-0.11168327030118252,-0.017120280948200173
2026-05-22,601808,13.37009328,13.439027786254883,12.7543653,0.005155873247197018,-0.046052631578947456
2026-05-22,601872,17.5236016,15.408069610595703,15.84015448,-0.12072472529872491,-0.09606741573033695
2026-05-22,600968,3.90934082,3.8393967151641846,3.76526192,-0.017891534162993605,-0.03685503685503688
2026-05-29,300164,10.35,8.576242446899414,9.66,-0.17137754136237537,-0.06666666666666665
2026-05-29,300191,33.6,34.28813934326172,31.3,0.020480337597075016,-0.06845238095238093
2026-05-29,300760,150.78,158.0689697265625,142.59,0.04834175438760124,-0.05431754874651806
2026-05-29,600026,19.34511525,17.594303131103516,17.2498005,-0.09050409347633548,-0.10831234256926947
2026-05-29,688008,260.48596486,191.25595092773438,259.17844469,-0.26577253008419777,-0.005019541727335541
2026-05-29,600089,25.48621604,22.58440589904785,25.2304686,-0.11385802177921689,-0.010034735623311475
2026-05-29,600316,29.70749439,31.406658172607422,27.83890998,0.0571964690222877,-0.06289942818701655
2026-05-29,600276,48.0,52.82591247558594,46.63,0.10053984324137377,-0.028541666666666576
2026-05-29,600406,24.5958665,23.73066520690918,23.321977,-0.03517669495770026,-0.05179282868525892
2026-05-29,600428,7.3253362,7.307171821594238,7.3933433,-0.002479664811256277,0.009283819628647105
2026-05-29,600547,28.74853408,29.17400550842285,28.50035958,0.014799760823938746,-0.00863259668508276
2026-05-29,600489,22.39,20.804096221923828,22.55,-0.07083089674301801,0.007146047342563744
2026-05-29,601808,12.7543653,13.19926643371582,12.6566307,0.03488226369961511,-0.00766283524904221
2026-05-29,601872,15.84015448,15.570135116577148,14.72770112,-0.017046510737239506,-0.0702299564947172
2026-05-29,600968,3.76526192,3.8247597217559814,3.85170926,0.01580176970955094,0.022959183673469274
2026-06-05,300164,9.66,9.138686180114746,9.19,-0.05396623394257283,-0.04865424430641829
2026-06-05,300191,31.3,31.428287506103516,29.56,0.004098642367524441,-0.055591054313099075
2026-06-05,300760,142.59,149.04611206054688,146.88,0.04527745326142707,0.030086261308647222
2026-06-05,600026,17.2498005,16.36815643310547,16.22650725,-0.05111039208218848,-0.05932203389830504
2026-06-05,688008,259.17844469,204.1774139404297,228.2670709,-0.21221298250846565,-0.11926676165902872
2026-06-05,600089,25.2304686,25.14708709716797,22.377901,-0.0033047940628431194,-0.11306042884990242
2026-06-05,600316,27.83890998,31.117277145385742,26.6797881,0.11776205202506063,-0.04163675520459442
2026-06-05,600276,46.63,49.86216354370117,46.98,0.06931510923656803,0.0075058974908854825
2026-06-05,600406,23.321977,23.003650665283203,22.39105775,-0.013649200267918826,-0.03991596638655459
2026-06-05,600428,7.3933433,7.36965274810791,7.6070799,-0.0032043083799571104,0.028909329829172048
2026-06-05,600547,28.50035958,29.74191665649414,26.7532111,0.0435628565670938,-0.06130268199233713
2026-06-05,600489,22.55,22.584863662719727,20.64,0.0015460604310300052,-0.08470066518847008
2026-06-05,601808,12.6566307,12.722593307495117,12.24,0.005211703577249649,-0.032917978716089036
2026-06-05,601872,14.72770112,15.01966381072998,14.19608624,0.01982405049851943,-0.03609625668449201
2026-06-05,600968,3.85170926,3.8146610260009766,3.66920932,-0.009618647592062324,-0.04738154613466328
2026-06-12,300164,9.19,8.988101959228516,8.96,-0.02196931890875775,-0.025027203482045568
2026-06-12,300191,29.56,29.62420082092285,29.82,0.0021718816279721054,0.00879566982408675
2026-06-12,300760,146.88,148.85409545898438,140.01,0.013440192395046235,-0.04677287581699352
2026-06-12,600026,16.22650725,16.138858795166016,18.8091045,-0.005401560143757034,0.159159159159159
2026-06-12,688008,228.2670709,195.84136962890625,269.3890793,-0.14205159396511857,0.1801486663751639
2026-06-12,600089,22.377901,22.595495223999023,22.93857808,0.009723620816761258,0.025054945054944877
2026-06-12,600316,26.6797881,27.23467254638672,27.99878886,0.020797933038558147,0.04943820224719109
2026-06-12,600276,46.98,47.713558197021484,48.42,0.015614265581555653,0.03065134099616862
2026-06-12,600406,22.39105775,22.307836532592773,22.5968399,-0.0037167166614640035,0.00919037199124717
2026-06-12,600428,7.6070799,7.438860893249512,7.6362258,-0.02211347967443955,0.003831417624521105
2026-06-12,600547,26.7532111,28.155643463134766,26.71350318,0.052421085375234266,-0.0014842300556586752
2026-06-12,600489,20.64,20.65210723876953,21.92,0.0005865910256555029,0.0620155038759691
2026-06-12,601808,12.24,12.704224586486816,11.87,0.03792684530121049,-0.030228758169934755
2026-06-12,601872,14.19608624,14.453170776367188,16.87385008,0.018109536108819047,0.18862690707350915
2026-06-12,600968,3.66920932,3.7320919036865234,3.62118302,0.017137911250733273,-0.01308900523560208
2026-06-19,300164,8.96,7.983713150024414,8.03,-0.10896058593477531,-0.10379464285714302
2026-06-19,300191,29.82,25.087099075317383,27.36,-0.15871565810471555,-0.08249496981891347
2026-06-19,300760,140.01,150.53842163085938,133.98,0.07519764038896781,-0.043068352260552833
2026-06-19,600026,18.8091045,18.399372100830078,19.4523174,-0.02178372708652465,0.034196891191709655
2026-06-19,688008,269.3890793,201.39071655273438,261.32437474,-0.25241692396721305,-0.02993701370878099
2026-06-19,600089,22.93857808,22.412357330322266,22.0828078,-0.02294042585562628,-0.037307032590051414
2026-06-19,600316,27.99878886,32.55735778808594,26.4,0.1628130756255124,-0.05710207209298557
2026-06-19,600276,48.42,49.8390007019043,48.67,0.02930608636729226,0.005163155720776524
2026-06-19,600406,22.5968399,22.529245376586914,22.2832671,-0.0029913263851147898,-0.013876843018213347
2026-06-19,600428,7.6362258,7.144235134124756,7.8596777,-0.06442851203735278,0.029262086513994978
2026-06-19,600547,26.71350318,28.010353088378906,22.832054,0.04854660579859238,-0.14529914529914534
2026-06-19,600489,21.92,20.409622192382812,18.3,-0.06890409706282796,-0.16514598540145986
2026-06-19,601808,11.87,12.38875961303711,10.79,0.04370342148585604,-0.09098567818028647
2026-06-19,601872,16.87385008,15.764728546142578,19.25627232,-0.06573019960465487,0.14119019836639435
2026-06-19,600968,3.62118302,3.6623027324676514,3.43,0.01135532566030073,-0.05279573524566017
2026-06-26,300164,8.36,7.552660942077637,8.04,-0.09657165764621567,-0.03827751196172258
2026-06-26,300191,28.51,28.56991195678711,27.54,0.002101436576187554,-0.03402314977200993
2026-06-26,300760,138.16,137.6734619140625,139.2,-0.0035215553411804823,0.007527504342790925
2026-06-26,600026,21.2260257,19.283641815185547,16.0803225,-0.09150954174216674,-0.24242424242424243
2026-06-26,688008,278.63155012,198.4104766845703,268.64049905,-0.28791094691495045,-0.035857572718154374
2026-06-26,600089,22.8205408,21.885900497436523,21.47294852,-0.04095609787492316,-0.05905172413793103
2026-06-26,600316,26.39000763,30.24300765991211,29.19,0.14600223250909727,0.1061004759550348
2026-06-26,600276,50.04,50.451377868652344,53.49,0.00822098058857601,0.06894484412470026
2026-06-26,600406,22.37145945,22.076446533203125,22.67,-0.013187021501937624,0.013344706037942577
2026-06-26,600428,7.9471154,7.441465854644775,8.2871509,-0.06362680292213008,0.04278728606356963
2026-06-26,600547,23.75526314,26.25360107421875,24.00343764,0.10516986991450983,0.01044713748432935
2026-06-26,600489,18.89,18.436811447143555,19.09,-0.023990923920404805,0.010587612493382803
2026-06-26,601808,11.09,11.795644760131836,10.94,0.06362892336626125,-0.01352569882777277
2026-06-26,601872,21.2645952,19.672218322753906,16.27332216,-0.0748839496952236,-0.23472222222222217
2026-06-26,600968,3.53,3.5843758583068848,3.4,0.015403925865973056,-0.03682719546742208
2026-07-03,300164,8.04,8.467569351196289,9.18,0.05318026756172767,0.14179104477611948
2026-07-03,300191,27.54,26.208707809448242,28.21,-0.04834031192998389,0.024328249818446057
2026-07-03,300760,139.2,146.9634552001953,139.5,0.05577194827726517,0.0021551724137931494
2026-07-03,600026,16.0803225,15.779271125793457,15.52482045,-0.018721724903623338,-0.03454545454545466
2026-07-03,688008,268.64049905,239.75100708007812,285.2589806,-0.10753960058920564,0.06186141556752722
2026-07-03,600089,21.47294852,20.509511947631836,20.04,-0.044867455974702986,-0.06673273205425634
2026-07-03,600316,29.19,30.946325302124023,28.0,0.060168732515382795,-0.04076738609112718
2026-07-03,600276,53.49,54.25661849975586,55.61,0.014331996630320809,0.03963357636941489
2026-07-03,600406,22.67,22.486772537231445,21.68,-0.008082375949208465,-0.043670048522276184
2026-07-03,600428,8.2871509,7.939350605010986,7.9374001,-0.04196862096345,-0.042203985932004806
2026-07-03,600547,24.00343764,26.721145629882812,24.28,0.11322161561367139,0.011521781344315807
2026-07-03,600489,19.09,18.829952239990234,19.95,-0.013622198009940578,0.045049764274489146
2026-07-03,601808,10.94,11.653837203979492,11.28,0.06525020146064842,0.031078610603290757
2026-07-03,601872,16.27332216,15.732524871826172,15.8499992,-0.03323213802668479,-0.026013309134906293
2026-07-03,600968,3.4,3.5045697689056396,3.48,0.030755814384011648,0.0235294117647058
2026-07-10,300164,9.18,8.03432846069336,9.86,-0.12480082127523318,0.07407407407407396
2026-07-10,300191,28.21,25.14535140991211,26.12,-0.108636958173977,-0.07408720311946115
2026-07-10,300760,139.5,149.266357421875,150.31,0.07000973062275984,0.07749103942652336
2026-07-10,600026,15.52482045,14.646577835083008,14.5600011,-0.056570226866423545,-0.062146892655367325
2026-07-10,688008,285.2589806,187.68202209472656,210.73033091,-0.3420644577079913,-0.2612666200139958
2026-07-10,600089,20.04,18.727540969848633,18.88,-0.06549196757242348,-0.05788423153692612
2026-07-10,600316,28.0,29.47144889831543,26.9,0.0525517463684082,-0.03928571428571437
2026-07-10,600276,55.61,54.16010665893555,55.99,-0.026072529060680694,0.006833303362704601
2026-07-10,600406,21.68,22.37775993347168,22.1,0.032184498776369086,0.019372693726937396
2026-07-10,600428,7.9374001,7.573293209075928,10.103912,-0.04587231163061467,0.27294981640146876
2026-07-10,600547,24.28,27.689037322998047,24.76,0.1404051615732309,0.01976935749588149
2026-07-10,600489,19.95,19.842533111572266,19.99,-0.0053868114500117414,0.002005012531328232
2026-07-10,601808,11.28,12.11351490020752,11.68,0.07389316491201425,0.03546099290780136
2026-07-10,601872,15.8499992,14.697639465332031,14.16,-0.07270408787578786,-0.10662456058672853
2026-07-10,600968,3.48,3.494215488433838,3.66,0.004084910469493552,0.051724137931034475
2026-07-17,300164,9.86,9.930444717407227,12.49,0.007144494666047274,0.2667342799188641
2026-07-17,300191,26.12,25.197879791259766,31.68,-0.035303223918079496,0.21286370597243476
2026-07-17,300760,150.31,143.085205078125,150.8,-0.04806596315531242,0.0032599294790767175
2026-07-17,600026,14.5600011,14.069808959960938,16.01,-0.03366704004157406,0.0995878290146559
2026-07-17,688008,210.73033091,181.63450622558594,225.0731285,-0.1380713661805072,0.06806233126509742
2026-07-17,600089,18.88,17.865978240966797,21.53,-0.053708779609809465,0.14036016949152552
2026-07-17,600316,26.9,29.87223243713379,26.28,0.11049191216110743,-0.023048327137546343
2026-07-17,600276,55.99,54.32521057128906,54.91,-0.029733692243453125,-0.019289158778353355
2026-07-17,600406,22.1,21.586748123168945,24.37,-0.02322406682493472,0.10271493212669691
2026-07-17,600428,10.103912,8.142619132995605,10.7256912,-0.1941122277197579,0.06153846153846154
2026-07-17,600547,24.76,25.26728630065918,27.42,0.020488138152632285,0.10743134087237483
2026-07-17,600489,19.99,21.267044067382812,22.45,0.06388414544186172,0.12306153076538284
2026-07-17,601808,11.68,12.110418319702148,12.55,0.036850883536142964,0.07448630136986312
2026-07-17,601872,14.16,13.734743118286133,15.87,-0.03003226565775896,0.12076271186440679
2026-07-17,600968,3.66,3.687450408935547,3.88,0.0075001117310236065,0.060109289617486183
2026-07-24,300164,12.49,10.21849250793457,11.94,-0.1818660922390256,-0.04403522818254613
2026-07-24,300191,31.68,29.09085464477539,29.85,-0.08172807308158492,-0.05776515151515149
2026-07-24,300760,150.8,154.59323120117188,161.62,0.025154053058168868,0.07175066312997336
2026-07-24,600026,16.01,14.342108726501465,16.85,-0.10417809328535521,0.05246720799500304
2026-07-24,688008,225.0731285,212.40359497070312,196.78,-0.056290742541026506,-0.12570638124843947
2026-07-24,600089,21.53,20.025386810302734,20.75,-0.0698844955734913,-0.03622851834649332
2026-07-24,600316,26.28,28.525951385498047,24.69,0.0854623814877491,-0.060502283105022814
2026-07-24,600276,54.91,54.42436981201172,54.65,-0.008844111964820267,-0.004735020943361867
2026-07-24,600406,24.37,24.051334381103516,24.32,-0.013076143573922283,-0.002051702913418163
2026-07-24,600428,10.7256912,8.43863582611084,10.98,-0.21323151405749585,0.023710248156314728
2026-07-24,600547,27.42,29.232725143432617,27.69,0.06610959676997141,0.009846827133479286
2026-07-24,600489,22.45,24.111968994140625,21.9,0.07402979929356901,-0.024498886414253906
2026-07-24,601808,12.55,12.798303604125977,12.69,0.019785147739121545,0.011155378486055634
2026-07-24,601872,15.87,15.082778930664062,16.47,-0.04960435219508108,0.037807183364839236
2026-07-24,600968,3.88,3.714661121368408,3.88,-0.042613113049379314,0.0
2026-07-31,300164,11.94,10.214804649353027,10.77,-0.14448872283475478,-0.09798994974874375
2026-07-31,300191,29.85,28.071041107177734,32.45,-0.05959661282486661,0.08710217755443894
2026-07-31,300760,161.62,151.41700744628906,149.75,-0.06312951710005532,-0.07344388070783325
2026-07-31,600026,16.85,16.02557373046875,17.46,-0.04892737504636502,0.03620178041543021
2026-07-31,688008,196.78,177.0692138671875,208.36,-0.10016661313554476,0.058847443845919445
2026-07-31,600089,20.75,20.094491958618164,21.18,-0.03159074898225711,0.020722891566264945
2026-07-31,600316,24.69,25.951053619384766,26.04,0.05107548073652346,0.054678007290400954
2026-07-31,600276,54.65,53.94389343261719,52.11,-0.012920522733445794,-0.04647758462946017
2026-07-31,600406,24.32,23.283830642700195,24.17,-0.04260564791528798,-0.00616776315789469
2026-07-31,600428,10.98,8.406437873840332,12.0,-0.23438635028776578,0.09289617486338786
2026-07-31,600547,27.69,28.20482063293457,29.96,0.018592294436062362,0.08197905381003978
2026-07-31,600489,21.9,21.48080825805664,25.11,-0.019141175431203528,0.14657534246575343
2026-07-31,601808,12.69,12.801793098449707,12.23,0.008809542825036099,-0.03624901497241917
2026-07-31,601872,16.47,15.454343795776367,17.88,-0.061667043365126406,0.08561020036429867
2026-07-31,600968,3.88,3.9118547439575195,3.89,0.008209985556061783,0.002577319587628857
